Sequence Id,Sample Id,Location,Location+Start
AAO14677.1.outgroup,Outgroup,X,X
DQ203488.1,Med0_May03,Mediterranean Sea,Med-Strat
DQ203484.1,Med0_May03,Mediterranean Sea,Med-Strat
DQ203483.1,Med0_May03,Mediterranean Sea,Med-Strat
DQ203482.1,Med0_May03,Mediterranean Sea,Med-Strat
DQ203481.1,Med0_May03,Mediterranean Sea,Med-Strat
DQ203478.1,Med0_May03,Mediterranean Sea,Med-Strat
DQ203475.1,Med0_May03,Mediterranean Sea,Med-Strat
DQ203464.1,Med0_May03,Mediterranean Sea,Med-Strat
DQ203463.1,Med0_May03,Mediterranean Sea,Med-Strat
DQ203462.1,Med0_May03,Mediterranean Sea,Med-Strat
DQ203461.1,Med0_May03,Mediterranean Sea,Med-Strat
DQ203458.1,Med0_May03,Mediterranean Sea,Med-Strat
DQ203456.1,Med0_May03,Mediterranean Sea,Med-Strat
DQ203450.1,Med0_May03,Mediterranean Sea,Med-Strat
DQ203448.1,Med0_May03,Mediterranean Sea,Med-Strat
DQ203447.1,Med0_May03,Mediterranean Sea,Med-Strat
DQ203446.1,Med0_May03,Mediterranean Sea,Med-Strat
DQ203439.1,Med0_May03,Mediterranean Sea,Med-Strat
DQ203438.1,Med0_May03,Mediterranean Sea,Med-Strat
DQ203435.1,Med0_May03,Mediterranean Sea,Med-Strat
DQ203432.1,Med0_May03,Mediterranean Sea,Med-Strat
DQ203430.1,Med0_May03,Mediterranean Sea,Med-Strat
DQ203429.1,Med0_May03,Mediterranean Sea,Med-Strat
DQ203427.1,Med0_May03,Mediterranean Sea,Med-Strat
DQ203425.1,Med0_May03,Mediterranean Sea,Med-Strat
DQ203422.1,Med0_May03,Mediterranean Sea,Med-Strat
DQ203421.1,Med0_May03,Mediterranean Sea,Med-Strat
DQ203419.1,Med0_May03,Mediterranean Sea,Med-Strat
DQ203418.1,Med0_May03,Mediterranean Sea,Med-Strat
DQ203417.1,Med0_May03,Mediterranean Sea,Med-Strat
DQ203415.1,Med0_May03,Mediterranean Sea,Med-Strat
DQ203412.1,Med0_May03,Mediterranean Sea,Med-Strat
DQ203411.1,Med0_May03,Mediterranean Sea,Med-Strat
DQ203409.1,Med0_May03,Mediterranean Sea,Med-Strat
DQ203408.1,Med0_May03,Mediterranean Sea,Med-Strat
DQ203407.1,Med0_May03,Mediterranean Sea,Med-Strat
DQ203402.1,Med0_May03,Mediterranean Sea,Med-Strat
DQ203401.1,Med0_May03,Mediterranean Sea,Med-Strat
DQ203399.1,Med0_May03,Mediterranean Sea,Med-Strat
DQ203397.1,Med0_May03,Mediterranean Sea,Med-Strat
DQ203396.1,Med0_May03,Mediterranean Sea,Med-Strat
DQ203393.1,Med0_May03,Mediterranean Sea,Med-Strat
DQ203386.1,Med0_May03,Mediterranean Sea,Med-Strat
DQ203382.1,Med0_May03,Mediterranean Sea,Med-Strat
DQ203380.1,Med0_May03,Mediterranean Sea,Med-Strat
DQ203379.1,Med0_May03,Mediterranean Sea,Med-Strat
DQ203377.1,Med0_May03,Mediterranean Sea,Med-Strat
DQ203375.1,Med0_May03,Mediterranean Sea,Med-Strat
DQ203374.1,Med0_May03,Mediterranean Sea,Med-Strat
DQ203372.1,Med0_May03,Mediterranean Sea,Med-Strat
DQ203371.1,Med0_May03,Mediterranean Sea,Med-Strat
DQ203366.1,Med0_May03,Mediterranean Sea,Med-Strat
DQ203361.1,Med0_May03,Mediterranean Sea,Med-Strat
DQ203359.1,Med0_May03,Mediterranean Sea,Med-Strat
DQ203358.1,Med0_May03,Mediterranean Sea,Med-Strat
DQ203356.1,Med0_May03,Mediterranean Sea,Med-Strat
DQ203355.1,Med0_May03,Mediterranean Sea,Med-Strat
DQ203354.1,Med0_May03,Mediterranean Sea,Med-Strat
DQ203353.1,Med0_May03,Mediterranean Sea,Med-Strat
DQ203352.1,Med0_May03,Mediterranean Sea,Med-Strat
DQ203351.1,Med0_May03,Mediterranean Sea,Med-Strat
DQ203349.1,Med0_May03,Mediterranean Sea,Med-Strat
DQ203348.1,Med0_May03,Mediterranean Sea,Med-Strat
DQ203346.1,Med0_May03,Mediterranean Sea,Med-Strat
DQ203344.1,Med0_May03,Mediterranean Sea,Med-Strat
DQ203343.1,Med0_May03,Mediterranean Sea,Med-Strat
DQ203342.1,Med0_May03,Mediterranean Sea,Med-Strat
DQ203340.1,Med0_May03,Mediterranean Sea,Med-Strat
DQ203487.1,Med0_May03,Mediterranean Sea,Med-Strat
DQ203486.1,Med0_May03,Mediterranean Sea,Med-Strat
DQ203485.1,Med0_May03,Mediterranean Sea,Med-Strat
DQ203480.1,Med0_May03,Mediterranean Sea,Med-Strat
DQ203479.1,Med0_May03,Mediterranean Sea,Med-Strat
DQ203477.1,Med0_May03,Mediterranean Sea,Med-Strat
DQ203476.1,Med0_May03,Mediterranean Sea,Med-Strat
DQ203474.1,Med0_May03,Mediterranean Sea,Med-Strat
DQ203473.1,Med0_May03,Mediterranean Sea,Med-Strat
DQ203472.1,Med0_May03,Mediterranean Sea,Med-Strat
DQ203471.1,Med0_May03,Mediterranean Sea,Med-Strat
DQ203470.1,Med0_May03,Mediterranean Sea,Med-Strat
DQ203469.1,Med0_May03,Mediterranean Sea,Med-Strat
DQ203468.1,Med0_May03,Mediterranean Sea,Med-Strat
DQ203467.1,Med0_May03,Mediterranean Sea,Med-Strat
DQ203466.1,Med0_May03,Mediterranean Sea,Med-Strat
DQ203465.1,Med0_May03,Mediterranean Sea,Med-Strat
DQ203460.1,Med0_May03,Mediterranean Sea,Med-Strat
DQ203459.1,Med0_May03,Mediterranean Sea,Med-Strat
DQ203457.1,Med0_May03,Mediterranean Sea,Med-Strat
DQ203455.1,Med0_May03,Mediterranean Sea,Med-Strat
DQ203454.1,Med0_May03,Mediterranean Sea,Med-Strat
DQ203453.1,Med0_May03,Mediterranean Sea,Med-Strat
DQ203452.1,Med0_May03,Mediterranean Sea,Med-Strat
DQ203451.1,Med0_May03,Mediterranean Sea,Med-Strat
DQ203449.1,Med0_May03,Mediterranean Sea,Med-Strat
DQ203445.1,Med0_May03,Mediterranean Sea,Med-Strat
DQ203444.1,Med0_May03,Mediterranean Sea,Med-Strat
DQ203443.1,Med0_May03,Mediterranean Sea,Med-Strat
DQ203442.1,Med0_May03,Mediterranean Sea,Med-Strat
DQ203441.1,Med0_May03,Mediterranean Sea,Med-Strat
DQ203440.1,Med0_May03,Mediterranean Sea,Med-Strat
DQ203437.1,Med0_May03,Mediterranean Sea,Med-Strat
DQ203436.1,Med0_May03,Mediterranean Sea,Med-Strat
DQ203434.1,Med0_May03,Mediterranean Sea,Med-Strat
DQ203433.1,Med0_May03,Mediterranean Sea,Med-Strat
DQ203431.1,Med0_May03,Mediterranean Sea,Med-Strat
DQ203428.1,Med0_May03,Mediterranean Sea,Med-Strat
DQ203426.1,Med0_May03,Mediterranean Sea,Med-Strat
DQ203424.1,Med0_May03,Mediterranean Sea,Med-Strat
DQ203423.1,Med0_May03,Mediterranean Sea,Med-Strat
DQ203420.1,Med0_May03,Mediterranean Sea,Med-Strat
DQ203416.1,Med0_May03,Mediterranean Sea,Med-Strat
DQ203414.1,Med0_May03,Mediterranean Sea,Med-Strat
DQ203413.1,Med0_May03,Mediterranean Sea,Med-Strat
DQ203410.1,Med0_May03,Mediterranean Sea,Med-Strat
DQ203406.1,Med0_May03,Mediterranean Sea,Med-Strat
DQ203405.1,Med0_May03,Mediterranean Sea,Med-Strat
DQ203404.1,Med0_May03,Mediterranean Sea,Med-Strat
DQ203403.1,Med0_May03,Mediterranean Sea,Med-Strat
DQ203400.1,Med0_May03,Mediterranean Sea,Med-Strat
DQ203398.1,Med0_May03,Mediterranean Sea,Med-Strat
DQ203395.1,Med0_May03,Mediterranean Sea,Med-Strat
DQ203394.1,Med0_May03,Mediterranean Sea,Med-Strat
DQ203392.1,Med0_May03,Mediterranean Sea,Med-Strat
DQ203391.1,Med0_May03,Mediterranean Sea,Med-Strat
DQ203390.1,Med0_May03,Mediterranean Sea,Med-Strat
DQ203389.1,Med0_May03,Mediterranean Sea,Med-Strat
DQ203388.1,Med0_May03,Mediterranean Sea,Med-Strat
DQ203387.1,Med0_May03,Mediterranean Sea,Med-Strat
DQ203385.1,Med0_May03,Mediterranean Sea,Med-Strat
DQ203384.1,Med0_May03,Mediterranean Sea,Med-Strat
DQ203383.1,Med0_May03,Mediterranean Sea,Med-Strat
DQ203381.1,Med0_May03,Mediterranean Sea,Med-Strat
DQ203378.1,Med0_May03,Mediterranean Sea,Med-Strat
DQ203376.1,Med0_May03,Mediterranean Sea,Med-Strat
DQ203373.1,Med0_May03,Mediterranean Sea,Med-Strat
DQ203370.1,Med0_May03,Mediterranean Sea,Med-Strat
DQ203369.1,Med0_May03,Mediterranean Sea,Med-Strat
DQ203368.1,Med0_May03,Mediterranean Sea,Med-Strat
DQ203367.1,Med0_May03,Mediterranean Sea,Med-Strat
DQ203365.1,Med0_May03,Mediterranean Sea,Med-Strat
DQ203364.1,Med0_May03,Mediterranean Sea,Med-Strat
DQ203363.1,Med0_May03,Mediterranean Sea,Med-Strat
DQ203362.1,Med0_May03,Mediterranean Sea,Med-Strat
DQ203360.1,Med0_May03,Mediterranean Sea,Med-Strat
DQ203357.1,Med0_May03,Mediterranean Sea,Med-Strat
DQ203350.1,Med0_May03,Mediterranean Sea,Med-Strat
DQ203347.1,Med0_May03,Mediterranean Sea,Med-Strat
DQ203345.1,Med0_May03,Mediterranean Sea,Med-Strat
DQ203341.1,Med0_May03,Mediterranean Sea,Med-Strat
DQ422240.1,Med0_Jan06,Mediterranean Sea,Med-Mixed
DQ422239.1,Med0_Jan06,Mediterranean Sea,Med-Mixed
DQ422238.1,Outgroup,X,X
DQ422235.1,Med0_Jan06,Mediterranean Sea,Med-Mixed
DQ422234.1,Med0_Jan06,Mediterranean Sea,Med-Mixed
DQ422232.1,Med0_Jan06,Mediterranean Sea,Med-Mixed
DQ422231.1,Med0_Jan06,Mediterranean Sea,Med-Mixed
DQ422228.1,Med0_Jan06,Mediterranean Sea,Med-Mixed
DQ422227.1,Med0_Jan06,Mediterranean Sea,Med-Mixed
DQ422225.1,Med0_Jan06,Mediterranean Sea,Med-Mixed
DQ422217.1,Med0_Jan06,Mediterranean Sea,Med-Mixed
DQ422209.1,Med0_Jan06,Mediterranean Sea,Med-Mixed
DQ422207.1,Med0_Jan06,Mediterranean Sea,Med-Mixed
DQ422203.1,Med0_Jan06,Mediterranean Sea,Med-Mixed
DQ422195.1,Med0_Jan06,Mediterranean Sea,Med-Mixed
DQ422189.1,Med0_Jan06,Mediterranean Sea,Med-Mixed
DQ422187.1,Med0_Jan06,Mediterranean Sea,Med-Mixed
DQ422186.1,Med0_Jan06,Mediterranean Sea,Med-Mixed
DQ422179.1,Med0_Jan06,Mediterranean Sea,Med-Mixed
DQ422170.1,Med0_Jan06,Mediterranean Sea,Med-Mixed
DQ422169.1,Med0_Jan06,Mediterranean Sea,Med-Mixed
DQ422165.1,Med0_Jan06,Mediterranean Sea,Med-Mixed
DQ422159.1,Med0_Jan06,Mediterranean Sea,Med-Mixed
DQ422241.1,Med0_Jan06,Mediterranean Sea,Med-Mixed
DQ422237.1,Med0_Jan06,Mediterranean Sea,Med-Mixed
DQ422236.1,Med0_Jan06,Mediterranean Sea,Med-Mixed
DQ422233.1,Med0_Jan06,Mediterranean Sea,Med-Mixed
DQ422230.1,Med0_Jan06,Mediterranean Sea,Med-Mixed
DQ422229.1,Med0_Jan06,Mediterranean Sea,Med-Mixed
DQ422226.1,Med0_Jan06,Mediterranean Sea,Med-Mixed
DQ422224.1,Med0_Jan06,Mediterranean Sea,Med-Mixed
DQ422223.1,Med0_Jan06,Mediterranean Sea,Med-Mixed
DQ422222.1,Med0_Jan06,Mediterranean Sea,Med-Mixed
DQ422221.1,Med0_Jan06,Mediterranean Sea,Med-Mixed
DQ422220.1,Med0_Jan06,Mediterranean Sea,Med-Mixed
DQ422219.1,Med0_Jan06,Mediterranean Sea,Med-Mixed
DQ422218.1,Med0_Jan06,Mediterranean Sea,Med-Mixed
DQ422216.1,Med0_Jan06,Mediterranean Sea,Med-Mixed
DQ422215.1,Med0_Jan06,Mediterranean Sea,Med-Mixed
DQ422214.1,Med0_Jan06,Mediterranean Sea,Med-Mixed
DQ422213.1,Med0_Jan06,Mediterranean Sea,Med-Mixed
DQ422212.1,Med0_Jan06,Mediterranean Sea,Med-Mixed
DQ422211.1,Med0_Jan06,Mediterranean Sea,Med-Mixed
DQ422210.1,Med0_Jan06,Mediterranean Sea,Med-Mixed
DQ422208.1,Med0_Jan06,Mediterranean Sea,Med-Mixed
DQ422206.1,Med0_Jan06,Mediterranean Sea,Med-Mixed
DQ422205.1,Med0_Jan06,Mediterranean Sea,Med-Mixed
DQ422204.1,Med0_Jan06,Mediterranean Sea,Med-Mixed
DQ422202.1,Med0_Jan06,Mediterranean Sea,Med-Mixed
DQ422201.1,Med0_Jan06,Mediterranean Sea,Med-Mixed
DQ422200.1,Med0_Jan06,Mediterranean Sea,Med-Mixed
DQ422199.1,Med0_Jan06,Mediterranean Sea,Med-Mixed
DQ422198.1,Med0_Jan06,Mediterranean Sea,Med-Mixed
DQ422197.1,Med0_Jan06,Mediterranean Sea,Med-Mixed
DQ422196.1,Med0_Jan06,Mediterranean Sea,Med-Mixed
DQ422194.1,Med0_Jan06,Mediterranean Sea,Med-Mixed
DQ422193.1,Med0_Jan06,Mediterranean Sea,Med-Mixed
DQ422192.1,Med0_Jan06,Mediterranean Sea,Med-Mixed
DQ422191.1,Med0_Jan06,Mediterranean Sea,Med-Mixed
DQ422190.1,Med0_Jan06,Mediterranean Sea,Med-Mixed
DQ422188.1,Med0_Jan06,Mediterranean Sea,Med-Mixed
DQ422185.1,Med0_Jan06,Mediterranean Sea,Med-Mixed
DQ422184.1,Med0_Jan06,Mediterranean Sea,Med-Mixed
DQ422183.1,Med0_Jan06,Mediterranean Sea,Med-Mixed
DQ422182.1,Med0_Jan06,Mediterranean Sea,Med-Mixed
DQ422181.1,Med0_Jan06,Mediterranean Sea,Med-Mixed
DQ422180.1,Med0_Jan06,Mediterranean Sea,Med-Mixed
DQ422178.1,Med0_Jan06,Mediterranean Sea,Med-Mixed
DQ422177.1,Med0_Jan06,Mediterranean Sea,Med-Mixed
DQ422176.1,Med0_Jan06,Mediterranean Sea,Med-Mixed
DQ422175.1,Med0_Jan06,Mediterranean Sea,Med-Mixed
DQ422174.1,Med0_Jan06,Mediterranean Sea,Med-Mixed
DQ422173.1,Med0_Jan06,Mediterranean Sea,Med-Mixed
DQ422172.1,Med0_Jan06,Mediterranean Sea,Med-Mixed
DQ422171.1,Med0_Jan06,Mediterranean Sea,Med-Mixed
DQ422168.1,Med0_Jan06,Mediterranean Sea,Med-Mixed
DQ422167.1,Med0_Jan06,Mediterranean Sea,Med-Mixed
DQ422166.1,Med0_Jan06,Mediterranean Sea,Med-Mixed
DQ422164.1,Med0_Jan06,Mediterranean Sea,Med-Mixed
DQ422163.1,Med0_Jan06,Mediterranean Sea,Med-Mixed
DQ422162.1,Med0_Jan06,Mediterranean Sea,Med-Mixed
DQ422161.1,Med0_Jan06,Mediterranean Sea,Med-Mixed
DQ422160.1,Med0_Jan06,Mediterranean Sea,Med-Mixed
DQ422158.1,Med0_Jan06,Mediterranean Sea,Med-Mixed
DQ422157.1,Med0_Jan06,Mediterranean Sea,Med-Mixed
DQ422156.1,Med0_Jan06,Mediterranean Sea,Med-Mixed
DQ422155.1,Med0_Jan06,Mediterranean Sea,Med-Mixed
DQ422154.1,Med0_Jan06,Mediterranean Sea,Med-Mixed
DQ422153.1,Med0_Jan06,Mediterranean Sea,Med-Mixed
DQ422152.1,Med0_Jan06,Mediterranean Sea,Med-Mixed
DQ422151.1,Med0_Jan06,Mediterranean Sea,Med-Mixed
DQ422150.1,Med0_Jan06,Mediterranean Sea,Med-Mixed
DQ203658.1,Med20_May03,Mediterranean Sea,Med-Strat
DQ203657.1,Med20_May03,Mediterranean Sea,Med-Strat
DQ203654.1,Med20_May03,Mediterranean Sea,Med-Strat
DQ203649.1,Med20_May03,Mediterranean Sea,Med-Strat
DQ203648.1,Med20_May03,Mediterranean Sea,Med-Strat
DQ203646.1,Med20_May03,Mediterranean Sea,Med-Strat
DQ203645.1,Med20_May03,Mediterranean Sea,Med-Strat
DQ203643.1,Med20_May03,Mediterranean Sea,Med-Strat
DQ203640.1,Med20_May03,Mediterranean Sea,Med-Strat
DQ203637.1,Med20_May03,Mediterranean Sea,Med-Strat
DQ203636.1,Med20_May03,Mediterranean Sea,Med-Strat
DQ203632.1,Med20_May03,Mediterranean Sea,Med-Strat
DQ203630.1,Med20_May03,Mediterranean Sea,Med-Strat
DQ203629.1,Med20_May03,Mediterranean Sea,Med-Strat
DQ203624.1,Med20_May03,Mediterranean Sea,Med-Strat
DQ203619.1,Med20_May03,Mediterranean Sea,Med-Strat
DQ203618.1,Med20_May03,Mediterranean Sea,Med-Strat
DQ203616.1,Med20_May03,Mediterranean Sea,Med-Strat
DQ203611.1,Med20_May03,Mediterranean Sea,Med-Strat
DQ203609.1,Med20_May03,Mediterranean Sea,Med-Strat
DQ203607.1,Med20_May03,Mediterranean Sea,Med-Strat
DQ203606.1,Med20_May03,Mediterranean Sea,Med-Strat
DQ203605.1,Med20_May03,Mediterranean Sea,Med-Strat
DQ203604.1,Med20_May03,Mediterranean Sea,Med-Strat
DQ203603.1,Med20_May03,Mediterranean Sea,Med-Strat
DQ203600.1,Med20_May03,Mediterranean Sea,Med-Strat
DQ203599.1,Med20_May03,Mediterranean Sea,Med-Strat
DQ203598.1,Med20_May03,Mediterranean Sea,Med-Strat
DQ203597.1,Med20_May03,Mediterranean Sea,Med-Strat
DQ203595.1,Med20_May03,Mediterranean Sea,Med-Strat
DQ203594.1,Med20_May03,Mediterranean Sea,Med-Strat
DQ203592.1,Med20_May03,Mediterranean Sea,Med-Strat
DQ203591.1,Med20_May03,Mediterranean Sea,Med-Strat
DQ203586.1,Med20_May03,Mediterranean Sea,Med-Strat
DQ203579.1,Med20_May03,Mediterranean Sea,Med-Strat
DQ203575.1,Med20_May03,Mediterranean Sea,Med-Strat
DQ203573.1,Med20_May03,Mediterranean Sea,Med-Strat
DQ203572.1,Med20_May03,Mediterranean Sea,Med-Strat
DQ203565.1,Med20_May03,Mediterranean Sea,Med-Strat
DQ203564.1,Med20_May03,Mediterranean Sea,Med-Strat
DQ203563.1,Med20_May03,Mediterranean Sea,Med-Strat
DQ203562.1,Med20_May03,Mediterranean Sea,Med-Strat
DQ203561.1,Med20_May03,Mediterranean Sea,Med-Strat
DQ203558.1,Med20_May03,Mediterranean Sea,Med-Strat
DQ203553.1,Med20_May03,Mediterranean Sea,Med-Strat
DQ203549.1,Med20_May03,Mediterranean Sea,Med-Strat
DQ203547.1,Med20_May03,Mediterranean Sea,Med-Strat
DQ203546.1,Med20_May03,Mediterranean Sea,Med-Strat
DQ203543.1,Med20_May03,Mediterranean Sea,Med-Strat
DQ203542.1,Med20_May03,Mediterranean Sea,Med-Strat
DQ203539.1,Med20_May03,Mediterranean Sea,Med-Strat
DQ203538.1,Med20_May03,Mediterranean Sea,Med-Strat
DQ203536.1,Med20_May03,Mediterranean Sea,Med-Strat
DQ203533.1,Med20_May03,Mediterranean Sea,Med-Strat
DQ203532.1,Med20_May03,Mediterranean Sea,Med-Strat
DQ203531.1,Med20_May03,Mediterranean Sea,Med-Strat
DQ203525.1,Med20_May03,Mediterranean Sea,Med-Strat
DQ203521.1,Med20_May03,Mediterranean Sea,Med-Strat
DQ203520.1,Med20_May03,Mediterranean Sea,Med-Strat
DQ203517.1,Med20_May03,Mediterranean Sea,Med-Strat
DQ203514.1,Med20_May03,Mediterranean Sea,Med-Strat
DQ203512.1,Med20_May03,Mediterranean Sea,Med-Strat
DQ203510.1,Med20_May03,Mediterranean Sea,Med-Strat
DQ203509.1,Med20_May03,Mediterranean Sea,Med-Strat
DQ203508.1,Med20_May03,Mediterranean Sea,Med-Strat
DQ203507.1,Med20_May03,Mediterranean Sea,Med-Strat
DQ203506.1,Med20_May03,Mediterranean Sea,Med-Strat
DQ203503.1,Med20_May03,Mediterranean Sea,Med-Strat
DQ203502.1,Med20_May03,Mediterranean Sea,Med-Strat
DQ203501.1,Med20_May03,Mediterranean Sea,Med-Strat
DQ203500.1,Med20_May03,Mediterranean Sea,Med-Strat
DQ203497.1,Med20_May03,Mediterranean Sea,Med-Strat
DQ203496.1,Med20_May03,Mediterranean Sea,Med-Strat
DQ203494.1,Med20_May03,Mediterranean Sea,Med-Strat
DQ203493.1,Med20_May03,Mediterranean Sea,Med-Strat
DQ203492.1,Med20_May03,Mediterranean Sea,Med-Strat
DQ203489.1,Med20_May03,Mediterranean Sea,Med-Strat
DQ203656.1,Med20_May03,Mediterranean Sea,Med-Strat
DQ203655.1,Med20_May03,Mediterranean Sea,Med-Strat
DQ203653.1,Med20_May03,Mediterranean Sea,Med-Strat
DQ203652.1,Med20_May03,Mediterranean Sea,Med-Strat
DQ203651.1,Med20_May03,Mediterranean Sea,Med-Strat
DQ203650.1,Med20_May03,Mediterranean Sea,Med-Strat
DQ203647.1,Med20_May03,Mediterranean Sea,Med-Strat
DQ203644.1,Med20_May03,Mediterranean Sea,Med-Strat
DQ203642.1,Med20_May03,Mediterranean Sea,Med-Strat
DQ203641.1,Med20_May03,Mediterranean Sea,Med-Strat
DQ203639.1,Med20_May03,Mediterranean Sea,Med-Strat
DQ203638.1,Med20_May03,Mediterranean Sea,Med-Strat
DQ203635.1,Med20_May03,Mediterranean Sea,Med-Strat
DQ203634.1,Med20_May03,Mediterranean Sea,Med-Strat
DQ203633.1,Med20_May03,Mediterranean Sea,Med-Strat
DQ203631.1,Med20_May03,Mediterranean Sea,Med-Strat
DQ203628.1,Med20_May03,Mediterranean Sea,Med-Strat
DQ203627.1,Med20_May03,Mediterranean Sea,Med-Strat
DQ203626.1,Med20_May03,Mediterranean Sea,Med-Strat
DQ203625.1,Med20_May03,Mediterranean Sea,Med-Strat
DQ203623.1,Med20_May03,Mediterranean Sea,Med-Strat
DQ203622.1,Med20_May03,Mediterranean Sea,Med-Strat
DQ203621.1,Med20_May03,Mediterranean Sea,Med-Strat
DQ203620.1,Med20_May03,Mediterranean Sea,Med-Strat
DQ203617.1,Med20_May03,Mediterranean Sea,Med-Strat
DQ203615.1,Med20_May03,Mediterranean Sea,Med-Strat
DQ203614.1,Med20_May03,Mediterranean Sea,Med-Strat
DQ203613.1,Med20_May03,Mediterranean Sea,Med-Strat
DQ203612.1,Med20_May03,Mediterranean Sea,Med-Strat
DQ203610.1,Med20_May03,Mediterranean Sea,Med-Strat
DQ203608.1,Med20_May03,Mediterranean Sea,Med-Strat
DQ203602.1,Med20_May03,Mediterranean Sea,Med-Strat
DQ203601.1,Med20_May03,Mediterranean Sea,Med-Strat
DQ203596.1,Med20_May03,Mediterranean Sea,Med-Strat
DQ203593.1,Med20_May03,Mediterranean Sea,Med-Strat
DQ203590.1,Med20_May03,Mediterranean Sea,Med-Strat
DQ203589.1,Med20_May03,Mediterranean Sea,Med-Strat
DQ203588.1,Med20_May03,Mediterranean Sea,Med-Strat
DQ203587.1,Med20_May03,Mediterranean Sea,Med-Strat
DQ203585.1,Med20_May03,Mediterranean Sea,Med-Strat
DQ203584.1,Med20_May03,Mediterranean Sea,Med-Strat
DQ203583.1,Med20_May03,Mediterranean Sea,Med-Strat
DQ203582.1,Med20_May03,Mediterranean Sea,Med-Strat
DQ203581.1,Med20_May03,Mediterranean Sea,Med-Strat
DQ203580.1,Med20_May03,Mediterranean Sea,Med-Strat
DQ203578.1,Med20_May03,Mediterranean Sea,Med-Strat
DQ203577.1,Med20_May03,Mediterranean Sea,Med-Strat
DQ203576.1,Med20_May03,Mediterranean Sea,Med-Strat
DQ203574.1,Med20_May03,Mediterranean Sea,Med-Strat
DQ203571.1,Med20_May03,Mediterranean Sea,Med-Strat
DQ203570.1,Med20_May03,Mediterranean Sea,Med-Strat
DQ203569.1,Med20_May03,Mediterranean Sea,Med-Strat
DQ203568.1,Med20_May03,Mediterranean Sea,Med-Strat
DQ203567.1,Med20_May03,Mediterranean Sea,Med-Strat
DQ203566.1,Med20_May03,Mediterranean Sea,Med-Strat
DQ203560.1,Med20_May03,Mediterranean Sea,Med-Strat
DQ203559.1,Med20_May03,Mediterranean Sea,Med-Strat
DQ203557.1,Med20_May03,Mediterranean Sea,Med-Strat
DQ203556.1,Med20_May03,Mediterranean Sea,Med-Strat
DQ203555.1,Med20_May03,Mediterranean Sea,Med-Strat
DQ203554.1,Med20_May03,Mediterranean Sea,Med-Strat
DQ203552.1,Med20_May03,Mediterranean Sea,Med-Strat
DQ203551.1,Med20_May03,Mediterranean Sea,Med-Strat
DQ203550.1,Med20_May03,Mediterranean Sea,Med-Strat
DQ203548.1,Med20_May03,Mediterranean Sea,Med-Strat
DQ203545.1,Med20_May03,Mediterranean Sea,Med-Strat
DQ203544.1,Med20_May03,Mediterranean Sea,Med-Strat
DQ203541.1,Med20_May03,Mediterranean Sea,Med-Strat
DQ203540.1,Med20_May03,Mediterranean Sea,Med-Strat
DQ203537.1,Med20_May03,Mediterranean Sea,Med-Strat
DQ203535.1,Med20_May03,Mediterranean Sea,Med-Strat
DQ203534.1,Med20_May03,Mediterranean Sea,Med-Strat
DQ203530.1,Med20_May03,Mediterranean Sea,Med-Strat
DQ203529.1,Med20_May03,Mediterranean Sea,Med-Strat
DQ203528.1,Med20_May03,Mediterranean Sea,Med-Strat
DQ203527.1,Med20_May03,Mediterranean Sea,Med-Strat
DQ203526.1,Med20_May03,Mediterranean Sea,Med-Strat
DQ203524.1,Med20_May03,Mediterranean Sea,Med-Strat
DQ203523.1,Med20_May03,Mediterranean Sea,Med-Strat
DQ203522.1,Med20_May03,Mediterranean Sea,Med-Strat
DQ203519.1,Med20_May03,Mediterranean Sea,Med-Strat
DQ203518.1,Med20_May03,Mediterranean Sea,Med-Strat
DQ203516.1,Med20_May03,Mediterranean Sea,Med-Strat
DQ203515.1,Med20_May03,Mediterranean Sea,Med-Strat
DQ203513.1,Med20_May03,Mediterranean Sea,Med-Strat
DQ203511.1,Med20_May03,Mediterranean Sea,Med-Strat
DQ203505.1,Med20_May03,Mediterranean Sea,Med-Strat
DQ203504.1,Med20_May03,Mediterranean Sea,Med-Strat
DQ203499.1,Med20_May03,Mediterranean Sea,Med-Strat
DQ203498.1,Med20_May03,Mediterranean Sea,Med-Strat
DQ203495.1,Med20_May03,Mediterranean Sea,Med-Strat
DQ203491.1,Med20_May03,Mediterranean Sea,Med-Strat
DQ203490.1,Med20_May03,Mediterranean Sea,Med-Strat
DQ422332.1,Med20_Jan06,Mediterranean Sea,Med-Mixed
DQ422328.1,Med20_Jan06,Mediterranean Sea,Med-Mixed
DQ422321.1,Med20_Jan06,Mediterranean Sea,Med-Mixed
DQ422319.1,Med20_Jan06,Mediterranean Sea,Med-Mixed
DQ422318.1,Med20_Jan06,Mediterranean Sea,Med-Mixed
DQ422317.1,Med20_Jan06,Mediterranean Sea,Med-Mixed
DQ422313.1,Med20_Jan06,Mediterranean Sea,Med-Mixed
DQ422311.1,Med20_Jan06,Mediterranean Sea,Med-Mixed
DQ422306.1,Med20_Jan06,Mediterranean Sea,Med-Mixed
DQ422304.1,Med20_Jan06,Mediterranean Sea,Med-Mixed
DQ422301.1,Med20_Jan06,Mediterranean Sea,Med-Mixed
DQ422298.1,Med20_Jan06,Mediterranean Sea,Med-Mixed
DQ422288.1,Med20_Jan06,Mediterranean Sea,Med-Mixed
DQ422282.1,Med20_Jan06,Mediterranean Sea,Med-Mixed
DQ422281.1,Med20_Jan06,Mediterranean Sea,Med-Mixed
DQ422277.1,Med20_Jan06,Mediterranean Sea,Med-Mixed
DQ422276.1,Med20_Jan06,Mediterranean Sea,Med-Mixed
DQ422271.1,Med20_Jan06,Mediterranean Sea,Med-Mixed
DQ422268.1,Med20_Jan06,Mediterranean Sea,Med-Mixed
DQ422265.1,Med20_Jan06,Mediterranean Sea,Med-Mixed
DQ422261.1,Med20_Jan06,Mediterranean Sea,Med-Mixed
DQ422259.1,Med20_Jan06,Mediterranean Sea,Med-Mixed
DQ422253.1,Med20_Jan06,Mediterranean Sea,Med-Mixed
DQ422248.1,Med20_Jan06,Mediterranean Sea,Med-Mixed
DQ422244.1,Med20_Jan06,Mediterranean Sea,Med-Mixed
DQ422344.1,Med20_Jan06,Mediterranean Sea,Med-Mixed
DQ422343.1,Med20_Jan06,Mediterranean Sea,Med-Mixed
DQ422342.1,Med20_Jan06,Mediterranean Sea,Med-Mixed
DQ422341.1,Med20_Jan06,Mediterranean Sea,Med-Mixed
DQ422340.1,Med20_Jan06,Mediterranean Sea,Med-Mixed
DQ422339.1,Med20_Jan06,Mediterranean Sea,Med-Mixed
DQ422338.1,Med20_Jan06,Mediterranean Sea,Med-Mixed
DQ422337.1,Med20_Jan06,Mediterranean Sea,Med-Mixed
DQ422336.1,Med20_Jan06,Mediterranean Sea,Med-Mixed
DQ422335.1,Med20_Jan06,Mediterranean Sea,Med-Mixed
DQ422334.1,Med20_Jan06,Mediterranean Sea,Med-Mixed
DQ422333.1,Med20_Jan06,Mediterranean Sea,Med-Mixed
DQ422331.1,Med20_Jan06,Mediterranean Sea,Med-Mixed
DQ422330.1,Med20_Jan06,Mediterranean Sea,Med-Mixed
DQ422329.1,Med20_Jan06,Mediterranean Sea,Med-Mixed
DQ422327.1,Med20_Jan06,Mediterranean Sea,Med-Mixed
DQ422326.1,Med20_Jan06,Mediterranean Sea,Med-Mixed
DQ422325.1,Med20_Jan06,Mediterranean Sea,Med-Mixed
DQ422324.1,Med20_Jan06,Mediterranean Sea,Med-Mixed
DQ422323.1,Med20_Jan06,Mediterranean Sea,Med-Mixed
DQ422322.1,Med20_Jan06,Mediterranean Sea,Med-Mixed
DQ422320.1,Med20_Jan06,Mediterranean Sea,Med-Mixed
DQ422316.1,Med20_Jan06,Mediterranean Sea,Med-Mixed
DQ422315.1,Med20_Jan06,Mediterranean Sea,Med-Mixed
DQ422314.1,Med20_Jan06,Mediterranean Sea,Med-Mixed
DQ422312.1,Med20_Jan06,Mediterranean Sea,Med-Mixed
DQ422310.1,Med20_Jan06,Mediterranean Sea,Med-Mixed
DQ422309.1,Med20_Jan06,Mediterranean Sea,Med-Mixed
DQ422308.1,Med20_Jan06,Mediterranean Sea,Med-Mixed
DQ422307.1,Med20_Jan06,Mediterranean Sea,Med-Mixed
DQ422305.1,Med20_Jan06,Mediterranean Sea,Med-Mixed
DQ422303.1,Med20_Jan06,Mediterranean Sea,Med-Mixed
DQ422302.1,Med20_Jan06,Mediterranean Sea,Med-Mixed
DQ422300.1,Med20_Jan06,Mediterranean Sea,Med-Mixed
DQ422299.1,Med20_Jan06,Mediterranean Sea,Med-Mixed
DQ422297.1,Med20_Jan06,Mediterranean Sea,Med-Mixed
DQ422296.1,Med20_Jan06,Mediterranean Sea,Med-Mixed
DQ422295.1,Med20_Jan06,Mediterranean Sea,Med-Mixed
DQ422294.1,Med20_Jan06,Mediterranean Sea,Med-Mixed
DQ422293.1,Med20_Jan06,Mediterranean Sea,Med-Mixed
DQ422292.1,Med20_Jan06,Mediterranean Sea,Med-Mixed
DQ422291.1,Med20_Jan06,Mediterranean Sea,Med-Mixed
DQ422290.1,Med20_Jan06,Mediterranean Sea,Med-Mixed
DQ422289.1,Med20_Jan06,Mediterranean Sea,Med-Mixed
DQ422287.1,Med20_Jan06,Mediterranean Sea,Med-Mixed
DQ422286.1,Med20_Jan06,Mediterranean Sea,Med-Mixed
DQ422285.1,Med20_Jan06,Mediterranean Sea,Med-Mixed
DQ422284.1,Med20_Jan06,Mediterranean Sea,Med-Mixed
DQ422283.1,Med20_Jan06,Mediterranean Sea,Med-Mixed
DQ422280.1,Med20_Jan06,Mediterranean Sea,Med-Mixed
DQ422279.1,Med20_Jan06,Mediterranean Sea,Med-Mixed
DQ422278.1,Med20_Jan06,Mediterranean Sea,Med-Mixed
DQ422275.1,Med20_Jan06,Mediterranean Sea,Med-Mixed
DQ422274.1,Med20_Jan06,Mediterranean Sea,Med-Mixed
DQ422273.1,Med20_Jan06,Mediterranean Sea,Med-Mixed
DQ422272.1,Med20_Jan06,Mediterranean Sea,Med-Mixed
DQ422270.1,Med20_Jan06,Mediterranean Sea,Med-Mixed
DQ422269.1,Med20_Jan06,Mediterranean Sea,Med-Mixed
DQ422267.1,Med20_Jan06,Mediterranean Sea,Med-Mixed
DQ422266.1,Med20_Jan06,Mediterranean Sea,Med-Mixed
DQ422264.1,Med20_Jan06,Mediterranean Sea,Med-Mixed
DQ422263.1,Med20_Jan06,Mediterranean Sea,Med-Mixed
DQ422262.1,Med20_Jan06,Mediterranean Sea,Med-Mixed
DQ422260.1,Med20_Jan06,Mediterranean Sea,Med-Mixed
DQ422258.1,Med20_Jan06,Mediterranean Sea,Med-Mixed
DQ422257.1,Med20_Jan06,Mediterranean Sea,Med-Mixed
DQ422256.1,Med20_Jan06,Mediterranean Sea,Med-Mixed
DQ422255.1,Med20_Jan06,Mediterranean Sea,Med-Mixed
DQ422254.1,Med20_Jan06,Mediterranean Sea,Med-Mixed
DQ422252.1,Med20_Jan06,Mediterranean Sea,Med-Mixed
DQ422251.1,Med20_Jan06,Mediterranean Sea,Med-Mixed
DQ422250.1,Med20_Jan06,Mediterranean Sea,Med-Mixed
DQ422249.1,Med20_Jan06,Mediterranean Sea,Med-Mixed
DQ422247.1,Med20_Jan06,Mediterranean Sea,Med-Mixed
DQ422246.1,Med20_Jan06,Mediterranean Sea,Med-Mixed
DQ422245.1,Med20_Jan06,Mediterranean Sea,Med-Mixed
DQ422243.1,Med20_Jan06,Mediterranean Sea,Med-Mixed
DQ422242.1,Med20_Jan06,Mediterranean Sea,Med-Mixed
DQ422368.1,Med50_Jan06,Mediterranean Sea,Med-Mixed
DQ422366.1,Med50_Jan06,Mediterranean Sea,Med-Mixed
DQ422447.1,Med50_Jan06,Mediterranean Sea,Med-Mixed
DQ422441.1,Med50_Jan06,Mediterranean Sea,Med-Mixed
DQ422438.1,Med50_Jan06,Mediterranean Sea,Med-Mixed
DQ422435.1,Med50_Jan06,Mediterranean Sea,Med-Mixed
DQ422425.1,Med50_Jan06,Mediterranean Sea,Med-Mixed
DQ422423.1,Med50_Jan06,Mediterranean Sea,Med-Mixed
DQ422422.1,Med50_Jan06,Mediterranean Sea,Med-Mixed
DQ422419.1,Med50_Jan06,Mediterranean Sea,Med-Mixed
DQ422418.1,Med50_Jan06,Mediterranean Sea,Med-Mixed
DQ422415.1,Med50_Jan06,Mediterranean Sea,Med-Mixed
DQ422408.1,Med50_Jan06,Mediterranean Sea,Med-Mixed
DQ422403.1,Med50_Jan06,Mediterranean Sea,Med-Mixed
DQ422401.1,Med50_Jan06,Mediterranean Sea,Med-Mixed
DQ422399.1,Med50_Jan06,Mediterranean Sea,Med-Mixed
DQ422389.1,Med50_Jan06,Mediterranean Sea,Med-Mixed
DQ422388.1,Med50_Jan06,Mediterranean Sea,Med-Mixed
DQ422387.1,Med50_Jan06,Mediterranean Sea,Med-Mixed
DQ422384.1,Med50_Jan06,Mediterranean Sea,Med-Mixed
DQ422382.1,Med50_Jan06,Mediterranean Sea,Med-Mixed
DQ422379.1,Med50_Jan06,Mediterranean Sea,Med-Mixed
DQ422378.1,Med50_Jan06,Mediterranean Sea,Med-Mixed
DQ422360.1,Med50_Jan06,Mediterranean Sea,Med-Mixed
DQ422350.1,Med50_Jan06,Mediterranean Sea,Med-Mixed
DQ422367.1,Med50_Jan06,Mediterranean Sea,Med-Mixed
DQ422446.1,Med50_Jan06,Mediterranean Sea,Med-Mixed
DQ422445.1,Med50_Jan06,Mediterranean Sea,Med-Mixed
DQ422444.1,Med50_Jan06,Mediterranean Sea,Med-Mixed
DQ422443.1,Med50_Jan06,Mediterranean Sea,Med-Mixed
DQ422442.1,Med50_Jan06,Mediterranean Sea,Med-Mixed
DQ422440.1,Med50_Jan06,Mediterranean Sea,Med-Mixed
DQ422439.1,Med50_Jan06,Mediterranean Sea,Med-Mixed
DQ422437.1,Med50_Jan06,Mediterranean Sea,Med-Mixed
DQ422436.1,Med50_Jan06,Mediterranean Sea,Med-Mixed
DQ422434.1,Med50_Jan06,Mediterranean Sea,Med-Mixed
DQ422433.1,Med50_Jan06,Mediterranean Sea,Med-Mixed
DQ422432.1,Med50_Jan06,Mediterranean Sea,Med-Mixed
DQ422431.1,Med50_Jan06,Mediterranean Sea,Med-Mixed
DQ422430.1,Med50_Jan06,Mediterranean Sea,Med-Mixed
DQ422429.1,Med50_Jan06,Mediterranean Sea,Med-Mixed
DQ422428.1,Med50_Jan06,Mediterranean Sea,Med-Mixed
DQ422427.1,Med50_Jan06,Mediterranean Sea,Med-Mixed
DQ422426.1,Med50_Jan06,Mediterranean Sea,Med-Mixed
DQ422424.1,Med50_Jan06,Mediterranean Sea,Med-Mixed
DQ422421.1,Med50_Jan06,Mediterranean Sea,Med-Mixed
DQ422420.1,Med50_Jan06,Mediterranean Sea,Med-Mixed
DQ422417.1,Med50_Jan06,Mediterranean Sea,Med-Mixed
DQ422416.1,Med50_Jan06,Mediterranean Sea,Med-Mixed
DQ422414.1,Med50_Jan06,Mediterranean Sea,Med-Mixed
DQ422413.1,Med50_Jan06,Mediterranean Sea,Med-Mixed
DQ422412.1,Med50_Jan06,Mediterranean Sea,Med-Mixed
DQ422411.1,Med50_Jan06,Mediterranean Sea,Med-Mixed
DQ422410.1,Med50_Jan06,Mediterranean Sea,Med-Mixed
DQ422409.1,Med50_Jan06,Mediterranean Sea,Med-Mixed
DQ422407.1,Med50_Jan06,Mediterranean Sea,Med-Mixed
DQ422406.1,Med50_Jan06,Mediterranean Sea,Med-Mixed
DQ422405.1,Med50_Jan06,Mediterranean Sea,Med-Mixed
DQ422404.1,Med50_Jan06,Mediterranean Sea,Med-Mixed
DQ422402.1,Med50_Jan06,Mediterranean Sea,Med-Mixed
DQ422400.1,Med50_Jan06,Mediterranean Sea,Med-Mixed
DQ422398.1,Med50_Jan06,Mediterranean Sea,Med-Mixed
DQ422397.1,Med50_Jan06,Mediterranean Sea,Med-Mixed
DQ422396.1,Med50_Jan06,Mediterranean Sea,Med-Mixed
DQ422395.1,Med50_Jan06,Mediterranean Sea,Med-Mixed
DQ422394.1,Med50_Jan06,Mediterranean Sea,Med-Mixed
DQ422393.1,Med50_Jan06,Mediterranean Sea,Med-Mixed
DQ422392.1,Med50_Jan06,Mediterranean Sea,Med-Mixed
DQ422391.1,Med50_Jan06,Mediterranean Sea,Med-Mixed
DQ422390.1,Med50_Jan06,Mediterranean Sea,Med-Mixed
DQ422386.1,Med50_Jan06,Mediterranean Sea,Med-Mixed
DQ422385.1,Med50_Jan06,Mediterranean Sea,Med-Mixed
DQ422383.1,Med50_Jan06,Mediterranean Sea,Med-Mixed
DQ422381.1,Med50_Jan06,Mediterranean Sea,Med-Mixed
DQ422380.1,Med50_Jan06,Mediterranean Sea,Med-Mixed
DQ422377.1,Med50_Jan06,Mediterranean Sea,Med-Mixed
DQ422376.1,Med50_Jan06,Mediterranean Sea,Med-Mixed
DQ422375.1,Med50_Jan06,Mediterranean Sea,Med-Mixed
DQ422374.1,Med50_Jan06,Mediterranean Sea,Med-Mixed
DQ422373.1,Med50_Jan06,Mediterranean Sea,Med-Mixed
DQ422372.1,Med50_Jan06,Mediterranean Sea,Med-Mixed
DQ422371.1,Med50_Jan06,Mediterranean Sea,Med-Mixed
DQ422370.1,Med50_Jan06,Mediterranean Sea,Med-Mixed
DQ422369.1,Med50_Jan06,Mediterranean Sea,Med-Mixed
DQ422365.1,Med50_Jan06,Mediterranean Sea,Med-Mixed
DQ422364.1,Med50_Jan06,Mediterranean Sea,Med-Mixed
DQ422363.1,Med50_Jan06,Mediterranean Sea,Med-Mixed
DQ422362.1,Med50_Jan06,Mediterranean Sea,Med-Mixed
DQ422361.1,Med50_Jan06,Mediterranean Sea,Med-Mixed
DQ422359.1,Med50_Jan06,Mediterranean Sea,Med-Mixed
DQ422358.1,Med50_Jan06,Mediterranean Sea,Med-Mixed
DQ422357.1,Med50_Jan06,Mediterranean Sea,Med-Mixed
DQ422356.1,Med50_Jan06,Mediterranean Sea,Med-Mixed
DQ422355.1,Med50_Jan06,Mediterranean Sea,Med-Mixed
DQ422354.1,Med50_Jan06,Mediterranean Sea,Med-Mixed
DQ422353.1,Med50_Jan06,Mediterranean Sea,Med-Mixed
DQ422352.1,Med50_Jan06,Mediterranean Sea,Med-Mixed
DQ422351.1,Med50_Jan06,Mediterranean Sea,Med-Mixed
DQ422349.1,Med50_Jan06,Mediterranean Sea,Med-Mixed
DQ422348.1,Med50_Jan06,Mediterranean Sea,Med-Mixed
DQ422347.1,Med50_Jan06,Mediterranean Sea,Med-Mixed
DQ422346.1,Med50_Jan06,Mediterranean Sea,Med-Mixed
DQ422345.1,Med50_Jan06,Mediterranean Sea,Med-Mixed
DQ203734.1,Med55_May03,Mediterranean Sea,Med-Strat
DQ203733.1,Med55_May03,Mediterranean Sea,Med-Strat
DQ203731.1,Med55_May03,Mediterranean Sea,Med-Strat
DQ203726.1,Med55_May03,Mediterranean Sea,Med-Strat
DQ203723.1,Med55_May03,Mediterranean Sea,Med-Strat
DQ203721.1,Med55_May03,Mediterranean Sea,Med-Strat
DQ203720.1,Med55_May03,Mediterranean Sea,Med-Strat
DQ203708.1,Med55_May03,Mediterranean Sea,Med-Strat
DQ203707.1,Med55_May03,Mediterranean Sea,Med-Strat
DQ203703.1,Med55_May03,Mediterranean Sea,Med-Strat
DQ203700.1,Med55_May03,Mediterranean Sea,Med-Strat
DQ203699.1,Med55_May03,Mediterranean Sea,Med-Strat
DQ203692.1,Med55_May03,Mediterranean Sea,Med-Strat
DQ203690.1,Med55_May03,Mediterranean Sea,Med-Strat
DQ203689.1,Med55_May03,Mediterranean Sea,Med-Strat
DQ203688.1,Med55_May03,Mediterranean Sea,Med-Strat
DQ203686.1,Med55_May03,Mediterranean Sea,Med-Strat
DQ203685.1,Med55_May03,Mediterranean Sea,Med-Strat
DQ203682.1,Med55_May03,Mediterranean Sea,Med-Strat
DQ203681.1,Med55_May03,Mediterranean Sea,Med-Strat
DQ203680.1,Med55_May03,Mediterranean Sea,Med-Strat
DQ203678.1,Med55_May03,Mediterranean Sea,Med-Strat
DQ203673.1,Med55_May03,Mediterranean Sea,Med-Strat
DQ203665.1,Med55_May03,Mediterranean Sea,Med-Strat
DQ203662.1,Med55_May03,Mediterranean Sea,Med-Strat
DQ203661.1,Med55_May03,Mediterranean Sea,Med-Strat
DQ203732.1,Med55_May03,Mediterranean Sea,Med-Strat
DQ203730.1,Med55_May03,Mediterranean Sea,Med-Strat
DQ203729.1,Med55_May03,Mediterranean Sea,Med-Strat
DQ203728.1,Med55_May03,Mediterranean Sea,Med-Strat
DQ203727.1,Med55_May03,Mediterranean Sea,Med-Strat
DQ203725.1,Med55_May03,Mediterranean Sea,Med-Strat
DQ203724.1,Med55_May03,Mediterranean Sea,Med-Strat
DQ203722.1,Med55_May03,Mediterranean Sea,Med-Strat
DQ203719.1,Med55_May03,Mediterranean Sea,Med-Strat
DQ203718.1,Med55_May03,Mediterranean Sea,Med-Strat
DQ203717.1,Med55_May03,Mediterranean Sea,Med-Strat
DQ203716.1,Med55_May03,Mediterranean Sea,Med-Strat
DQ203715.1,Med55_May03,Mediterranean Sea,Med-Strat
DQ203714.1,Med55_May03,Mediterranean Sea,Med-Strat
DQ203713.1,Med55_May03,Mediterranean Sea,Med-Strat
DQ203712.1,Med55_May03,Mediterranean Sea,Med-Strat
DQ203711.1,Med55_May03,Mediterranean Sea,Med-Strat
DQ203710.1,Med55_May03,Mediterranean Sea,Med-Strat
DQ203709.1,Med55_May03,Mediterranean Sea,Med-Strat
DQ203706.1,Med55_May03,Mediterranean Sea,Med-Strat
DQ203705.1,Med55_May03,Mediterranean Sea,Med-Strat
DQ203704.1,Med55_May03,Mediterranean Sea,Med-Strat
DQ203702.1,Med55_May03,Mediterranean Sea,Med-Strat
DQ203701.1,Med55_May03,Mediterranean Sea,Med-Strat
DQ203698.1,Med55_May03,Mediterranean Sea,Med-Strat
DQ203697.1,Med55_May03,Mediterranean Sea,Med-Strat
DQ203696.1,Med55_May03,Mediterranean Sea,Med-Strat
DQ203695.1,Med55_May03,Mediterranean Sea,Med-Strat
DQ203694.1,Med55_May03,Mediterranean Sea,Med-Strat
DQ203693.1,Med55_May03,Mediterranean Sea,Med-Strat
DQ203691.1,Med55_May03,Mediterranean Sea,Med-Strat
DQ203687.1,Med55_May03,Mediterranean Sea,Med-Strat
DQ203684.1,Med55_May03,Mediterranean Sea,Med-Strat
DQ203683.1,Med55_May03,Mediterranean Sea,Med-Strat
DQ203679.1,Med55_May03,Mediterranean Sea,Med-Strat
DQ203677.1,Med55_May03,Mediterranean Sea,Med-Strat
DQ203676.1,Med55_May03,Mediterranean Sea,Med-Strat
DQ203675.1,Med55_May03,Mediterranean Sea,Med-Strat
DQ203674.1,Med55_May03,Mediterranean Sea,Med-Strat
DQ203672.1,Med55_May03,Mediterranean Sea,Med-Strat
DQ203671.1,Med55_May03,Mediterranean Sea,Med-Strat
DQ203670.1,Med55_May03,Mediterranean Sea,Med-Strat
DQ203669.1,Med55_May03,Mediterranean Sea,Med-Strat
DQ203668.1,Med55_May03,Mediterranean Sea,Med-Strat
DQ203667.1,Med55_May03,Mediterranean Sea,Med-Strat
DQ203666.1,Med55_May03,Mediterranean Sea,Med-Strat
DQ203664.1,Med55_May03,Mediterranean Sea,Med-Strat
DQ203663.1,Med55_May03,Mediterranean Sea,Med-Strat
DQ203660.1,Med55_May03,Mediterranean Sea,Med-Strat
DQ203659.1,Med55_May03,Mediterranean Sea,Med-Strat
DQ203790.1,Sar0_Mar98,Sargasso Sea,Sar-Mixed
DQ203789.1,Sar0_Mar98,Sargasso Sea,Sar-Mixed
DQ203788.1,Sar0_Mar98,Sargasso Sea,Sar-Mixed
DQ203786.1,Sar0_Mar98,Sargasso Sea,Sar-Mixed
DQ203785.1,Sar0_Mar98,Sargasso Sea,Sar-Mixed
DQ203783.1,Sar0_Mar98,Sargasso Sea,Sar-Mixed
DQ203782.1,Outgroup,X,X
DQ203781.1,Sar0_Mar98,Sargasso Sea,Sar-Mixed
DQ203780.1,Sar0_Mar98,Sargasso Sea,Sar-Mixed
DQ203777.1,Sar0_Mar98,Sargasso Sea,Sar-Mixed
DQ203776.1,Sar0_Mar98,Sargasso Sea,Sar-Mixed
DQ203775.1,Sar0_Mar98,Sargasso Sea,Sar-Mixed
DQ203774.1,Sar0_Mar98,Sargasso Sea,Sar-Mixed
DQ203773.1,Sar0_Mar98,Sargasso Sea,Sar-Mixed
DQ203771.1,Sar0_Mar98,Sargasso Sea,Sar-Mixed
DQ203770.1,Sar0_Mar98,Sargasso Sea,Sar-Mixed
DQ203769.1,Sar0_Mar98,Sargasso Sea,Sar-Mixed
DQ203767.1,Sar0_Mar98,Sargasso Sea,Sar-Mixed
DQ203766.1,Sar0_Mar98,Sargasso Sea,Sar-Mixed
DQ203764.1,Sar0_Mar98,Sargasso Sea,Sar-Mixed
DQ203763.1,Sar0_Mar98,Sargasso Sea,Sar-Mixed
DQ203760.1,Sar0_Mar98,Sargasso Sea,Sar-Mixed
DQ203758.1,Sar0_Mar98,Sargasso Sea,Sar-Mixed
DQ203757.1,Sar0_Mar98,Sargasso Sea,Sar-Mixed
DQ203756.1,Sar0_Mar98,Sargasso Sea,Sar-Mixed
DQ203755.1,Sar0_Mar98,Sargasso Sea,Sar-Mixed
DQ203754.1,Sar0_Mar98,Sargasso Sea,Sar-Mixed
DQ203753.1,Sar0_Mar98,Sargasso Sea,Sar-Mixed
DQ203752.1,Sar0_Mar98,Sargasso Sea,Sar-Mixed
DQ203751.1,Sar0_Mar98,Sargasso Sea,Sar-Mixed
DQ203750.1,Sar0_Mar98,Sargasso Sea,Sar-Mixed
DQ203748.1,Sar0_Mar98,Sargasso Sea,Sar-Mixed
DQ203746.1,Sar0_Mar98,Sargasso Sea,Sar-Mixed
DQ203745.1,Sar0_Mar98,Sargasso Sea,Sar-Mixed
DQ203742.1,Sar0_Mar98,Sargasso Sea,Sar-Mixed
DQ203740.1,Sar0_Mar98,Sargasso Sea,Sar-Mixed
DQ203739.1,Sar0_Mar98,Sargasso Sea,Sar-Mixed
DQ203738.1,Sar0_Mar98,Sargasso Sea,Sar-Mixed
DQ203736.1,Sar0_Mar98,Sargasso Sea,Sar-Mixed
DQ203735.1,Sar0_Mar98,Sargasso Sea,Sar-Mixed
DQ203793.1,Sar0_Mar98,Sargasso Sea,Sar-Mixed
DQ203792.1,Sar0_Mar98,Sargasso Sea,Sar-Mixed
DQ203791.1,Sar0_Mar98,Sargasso Sea,Sar-Mixed
DQ203787.1,Sar0_Mar98,Sargasso Sea,Sar-Mixed
DQ203784.1,Sar0_Mar98,Sargasso Sea,Sar-Mixed
DQ203779.1,Sar0_Mar98,Sargasso Sea,Sar-Mixed
DQ203778.1,Sar0_Mar98,Sargasso Sea,Sar-Mixed
DQ203772.1,Sar0_Mar98,Sargasso Sea,Sar-Mixed
DQ203768.1,Sar0_Mar98,Sargasso Sea,Sar-Mixed
DQ203765.1,Sar0_Mar98,Sargasso Sea,Sar-Mixed
DQ203762.1,Sar0_Mar98,Sargasso Sea,Sar-Mixed
DQ203761.1,Sar0_Mar98,Sargasso Sea,Sar-Mixed
DQ203759.1,Sar0_Mar98,Sargasso Sea,Sar-Mixed
DQ203749.1,Sar0_Mar98,Sargasso Sea,Sar-Mixed
DQ203747.1,Sar0_Mar98,Sargasso Sea,Sar-Mixed
DQ203744.1,Sar0_Mar98,Sargasso Sea,Sar-Mixed
DQ203743.1,Sar0_Mar98,Sargasso Sea,Sar-Mixed
DQ203741.1,Sar0_Mar98,Sargasso Sea,Sar-Mixed
DQ203737.1,Sar0_Mar98,Sargasso Sea,Sar-Mixed
DQ339245.1,Sar0_Jul98,Sargasso Sea,Sar-Strat
DQ339241.1,Sar0_Jul98,Sargasso Sea,Sar-Strat
DQ339237.1,Sar0_Jul98,Sargasso Sea,Sar-Strat
DQ339236.1,Sar0_Jul98,Sargasso Sea,Sar-Strat
DQ339235.1,Sar0_Jul98,Sargasso Sea,Sar-Strat
DQ339227.1,Sar0_Jul98,Sargasso Sea,Sar-Strat
DQ339224.1,Sar0_Jul98,Sargasso Sea,Sar-Strat
DQ339212.1,Sar0_Jul98,Sargasso Sea,Sar-Strat
DQ339206.1,Sar0_Jul98,Sargasso Sea,Sar-Strat
DQ339200.1,Sar0_Jul98,Sargasso Sea,Sar-Strat
DQ339198.1,Sar0_Jul98,Sargasso Sea,Sar-Strat
DQ339194.1,Sar0_Jul98,Sargasso Sea,Sar-Strat
DQ339193.1,Sar0_Jul98,Sargasso Sea,Sar-Strat
DQ339192.1,Sar0_Jul98,Sargasso Sea,Sar-Strat
DQ339188.1,Sar0_Jul98,Sargasso Sea,Sar-Strat
DQ339187.1,Sar0_Jul98,Sargasso Sea,Sar-Strat
DQ339186.1,Sar0_Jul98,Sargasso Sea,Sar-Strat
DQ339185.1,Sar0_Jul98,Sargasso Sea,Sar-Strat
DQ339183.1,Sar0_Jul98,Sargasso Sea,Sar-Strat
DQ339180.1,Sar0_Jul98,Sargasso Sea,Sar-Strat
DQ339177.1,Sar0_Jul98,Sargasso Sea,Sar-Strat
DQ339171.1,Sar0_Jul98,Sargasso Sea,Sar-Strat
DQ339170.1,Sar0_Jul98,Sargasso Sea,Sar-Strat
DQ339163.1,Sar0_Jul98,Sargasso Sea,Sar-Strat
DQ339249.1,Sar0_Jul98,Sargasso Sea,Sar-Strat
DQ339248.1,Sar0_Jul98,Sargasso Sea,Sar-Strat
DQ339247.1,Sar0_Jul98,Sargasso Sea,Sar-Strat
DQ339244.1,Sar0_Jul98,Sargasso Sea,Sar-Strat
DQ339243.1,Sar0_Jul98,Sargasso Sea,Sar-Strat
DQ339242.1,Sar0_Jul98,Sargasso Sea,Sar-Strat
DQ339240.1,Sar0_Jul98,Sargasso Sea,Sar-Strat
DQ339239.1,Sar0_Jul98,Sargasso Sea,Sar-Strat
DQ339238.1,Sar0_Jul98,Sargasso Sea,Sar-Strat
DQ339234.1,Sar0_Jul98,Sargasso Sea,Sar-Strat
DQ339233.1,Sar0_Jul98,Sargasso Sea,Sar-Strat
DQ339232.1,Sar0_Jul98,Sargasso Sea,Sar-Strat
DQ339231.1,Sar0_Jul98,Sargasso Sea,Sar-Strat
DQ339230.1,Sar0_Jul98,Sargasso Sea,Sar-Strat
DQ339229.1,Sar0_Jul98,Sargasso Sea,Sar-Strat
DQ339228.1,Sar0_Jul98,Sargasso Sea,Sar-Strat
DQ339226.1,Sar0_Jul98,Sargasso Sea,Sar-Strat
DQ339225.1,Sar0_Jul98,Sargasso Sea,Sar-Strat
DQ339223.1,Sar0_Jul98,Sargasso Sea,Sar-Strat
DQ339222.1,Sar0_Jul98,Sargasso Sea,Sar-Strat
DQ339221.1,Sar0_Jul98,Sargasso Sea,Sar-Strat
DQ339220.1,Sar0_Jul98,Sargasso Sea,Sar-Strat
DQ339219.1,Sar0_Jul98,Sargasso Sea,Sar-Strat
DQ339218.1,Sar0_Jul98,Sargasso Sea,Sar-Strat
DQ339217.1,Sar0_Jul98,Sargasso Sea,Sar-Strat
DQ339216.1,Sar0_Jul98,Sargasso Sea,Sar-Strat
DQ339215.1,Sar0_Jul98,Sargasso Sea,Sar-Strat
DQ339214.1,Sar0_Jul98,Sargasso Sea,Sar-Strat
DQ339213.1,Sar0_Jul98,Sargasso Sea,Sar-Strat
DQ339211.1,Sar0_Jul98,Sargasso Sea,Sar-Strat
DQ339210.1,Sar0_Jul98,Sargasso Sea,Sar-Strat
DQ339209.1,Sar0_Jul98,Sargasso Sea,Sar-Strat
DQ339208.1,Sar0_Jul98,Sargasso Sea,Sar-Strat
DQ339207.1,Sar0_Jul98,Sargasso Sea,Sar-Strat
DQ339205.1,Sar0_Jul98,Sargasso Sea,Sar-Strat
DQ339204.1,Sar0_Jul98,Sargasso Sea,Sar-Strat
DQ339203.1,Sar0_Jul98,Sargasso Sea,Sar-Strat
DQ339202.1,Sar0_Jul98,Sargasso Sea,Sar-Strat
DQ339201.1,Sar0_Jul98,Sargasso Sea,Sar-Strat
DQ339199.1,Sar0_Jul98,Sargasso Sea,Sar-Strat
DQ339197.1,Sar0_Jul98,Sargasso Sea,Sar-Strat
DQ339196.1,Sar0_Jul98,Sargasso Sea,Sar-Strat
DQ339195.1,Sar0_Jul98,Sargasso Sea,Sar-Strat
DQ339191.1,Sar0_Jul98,Sargasso Sea,Sar-Strat
DQ339190.1,Sar0_Jul98,Sargasso Sea,Sar-Strat
DQ339189.1,Sar0_Jul98,Sargasso Sea,Sar-Strat
DQ339184.1,Sar0_Jul98,Sargasso Sea,Sar-Strat
DQ339182.1,Sar0_Jul98,Sargasso Sea,Sar-Strat
DQ339181.1,Sar0_Jul98,Sargasso Sea,Sar-Strat
DQ339179.1,Sar0_Jul98,Sargasso Sea,Sar-Strat
DQ339178.1,Sar0_Jul98,Sargasso Sea,Sar-Strat
DQ339176.1,Sar0_Jul98,Sargasso Sea,Sar-Strat
DQ339175.1,Sar0_Jul98,Sargasso Sea,Sar-Strat
DQ339174.1,Sar0_Jul98,Sargasso Sea,Sar-Strat
DQ339173.1,Sar0_Jul98,Sargasso Sea,Sar-Strat
DQ339172.1,Sar0_Jul98,Sargasso Sea,Sar-Strat
DQ339169.1,Sar0_Jul98,Sargasso Sea,Sar-Strat
DQ339168.1,Sar0_Jul98,Sargasso Sea,Sar-Strat
DQ339167.1,Sar0_Jul98,Sargasso Sea,Sar-Strat
DQ339166.1,Sar0_Jul98,Sargasso Sea,Sar-Strat
DQ339165.1,Sar0_Jul98,Sargasso Sea,Sar-Strat
DQ339164.1,Sar0_Jul98,Sargasso Sea,Sar-Strat
DQ339162.1,Sar0_Jul98,Sargasso Sea,Sar-Strat
DQ339161.1,Sar0_Jul98,Sargasso Sea,Sar-Strat
DQ339160.1,Sar0_Jul98,Sargasso Sea,Sar-Strat
DQ339159.1,Sar0_Jul98,Sargasso Sea,Sar-Strat
DQ339158.1,Sar0_Jul98,Sargasso Sea,Sar-Strat
DQ203850.1,Sar40_Mar98,Sargasso Sea,Sar-Mixed
DQ203849.1,Sar40_Mar98,Sargasso Sea,Sar-Mixed
DQ203846.1,Sar40_Mar98,Sargasso Sea,Sar-Mixed
DQ203844.1,Sar40_Mar98,Sargasso Sea,Sar-Mixed
DQ203838.1,Sar40_Mar98,Sargasso Sea,Sar-Mixed
DQ203837.1,Sar40_Mar98,Sargasso Sea,Sar-Mixed
DQ203836.1,Sar40_Mar98,Sargasso Sea,Sar-Mixed
DQ203833.1,Sar40_Mar98,Sargasso Sea,Sar-Mixed
DQ203832.1,Sar40_Mar98,Sargasso Sea,Sar-Mixed
DQ203831.1,Sar40_Mar98,Sargasso Sea,Sar-Mixed
DQ203830.1,Outgroup,X,X
DQ203829.1,Sar40_Mar98,Sargasso Sea,Sar-Mixed
DQ203827.1,Sar40_Mar98,Sargasso Sea,Sar-Mixed
DQ203825.1,Sar40_Mar98,Sargasso Sea,Sar-Mixed
DQ203823.1,Sar40_Mar98,Sargasso Sea,Sar-Mixed
DQ203822.1,Sar40_Mar98,Sargasso Sea,Sar-Mixed
DQ203821.1,Sar40_Mar98,Sargasso Sea,Sar-Mixed
DQ203818.1,Sar40_Mar98,Sargasso Sea,Sar-Mixed
DQ203817.1,Sar40_Mar98,Sargasso Sea,Sar-Mixed
DQ203816.1,Sar40_Mar98,Sargasso Sea,Sar-Mixed
DQ203815.1,Sar40_Mar98,Sargasso Sea,Sar-Mixed
DQ203814.1,Sar40_Mar98,Sargasso Sea,Sar-Mixed
DQ203813.1,Sar40_Mar98,Sargasso Sea,Sar-Mixed
DQ203811.1,Sar40_Mar98,Sargasso Sea,Sar-Mixed
DQ203810.1,Sar40_Mar98,Sargasso Sea,Sar-Mixed
DQ203809.1,Sar40_Mar98,Sargasso Sea,Sar-Mixed
DQ203808.1,Sar40_Mar98,Sargasso Sea,Sar-Mixed
DQ203807.1,Sar40_Mar98,Sargasso Sea,Sar-Mixed
DQ203805.1,Sar40_Mar98,Sargasso Sea,Sar-Mixed
DQ203801.1,Sar40_Mar98,Sargasso Sea,Sar-Mixed
DQ203796.1,Sar40_Mar98,Sargasso Sea,Sar-Mixed
DQ203794.1,Sar40_Mar98,Sargasso Sea,Sar-Mixed
DQ203852.1,Sar40_Mar98,Sargasso Sea,Sar-Mixed
DQ203851.1,Sar40_Mar98,Sargasso Sea,Sar-Mixed
DQ203848.1,Sar40_Mar98,Sargasso Sea,Sar-Mixed
DQ203847.1,Sar40_Mar98,Sargasso Sea,Sar-Mixed
DQ203845.1,Sar40_Mar98,Sargasso Sea,Sar-Mixed
DQ203843.1,Sar40_Mar98,Sargasso Sea,Sar-Mixed
DQ203842.1,Sar40_Mar98,Sargasso Sea,Sar-Mixed
DQ203841.1,Sar40_Mar98,Sargasso Sea,Sar-Mixed
DQ203840.1,Sar40_Mar98,Sargasso Sea,Sar-Mixed
DQ203839.1,Sar40_Mar98,Sargasso Sea,Sar-Mixed
DQ203835.1,Sar40_Mar98,Sargasso Sea,Sar-Mixed
DQ203834.1,Sar40_Mar98,Sargasso Sea,Sar-Mixed
DQ203828.1,Sar40_Mar98,Sargasso Sea,Sar-Mixed
DQ203826.1,Sar40_Mar98,Sargasso Sea,Sar-Mixed
DQ203824.1,Sar40_Mar98,Sargasso Sea,Sar-Mixed
DQ203820.1,Sar40_Mar98,Sargasso Sea,Sar-Mixed
DQ203819.1,Sar40_Mar98,Sargasso Sea,Sar-Mixed
DQ203812.1,Sar40_Mar98,Sargasso Sea,Sar-Mixed
DQ203806.1,Sar40_Mar98,Sargasso Sea,Sar-Mixed
DQ203804.1,Sar40_Mar98,Sargasso Sea,Sar-Mixed
DQ203803.1,Sar40_Mar98,Sargasso Sea,Sar-Mixed
DQ203802.1,Sar40_Mar98,Sargasso Sea,Sar-Mixed
DQ203800.1,Sar40_Mar98,Sargasso Sea,Sar-Mixed
DQ203799.1,Sar40_Mar98,Sargasso Sea,Sar-Mixed
DQ203798.1,Sar40_Mar98,Sargasso Sea,Sar-Mixed
DQ203797.1,Sar40_Mar98,Sargasso Sea,Sar-Mixed
DQ203795.1,Sar40_Mar98,Sargasso Sea,Sar-Mixed
DQ339381.1,Sar40_Jul98,Sargasso Sea,Sar-Strat
DQ339414.1,Sar40_Jul98,Sargasso Sea,Sar-Strat
DQ339413.1,Sar40_Jul98,Sargasso Sea,Sar-Strat
DQ339402.1,Sar40_Jul98,Sargasso Sea,Sar-Strat
DQ339400.1,Sar40_Jul98,Sargasso Sea,Sar-Strat
DQ339397.1,Sar40_Jul98,Sargasso Sea,Sar-Strat
DQ339392.1,Sar40_Jul98,Sargasso Sea,Sar-Strat
DQ339390.1,Sar40_Jul98,Sargasso Sea,Sar-Strat
DQ339389.1,Sar40_Jul98,Sargasso Sea,Sar-Strat
DQ339388.1,Sar40_Jul98,Sargasso Sea,Sar-Strat
DQ339382.1,Sar40_Jul98,Sargasso Sea,Sar-Strat
DQ339376.1,Sar40_Jul98,Sargasso Sea,Sar-Strat
DQ339364.1,Sar40_Jul98,Sargasso Sea,Sar-Strat
DQ339359.1,Sar40_Jul98,Sargasso Sea,Sar-Strat
DQ339356.1,Sar40_Jul98,Sargasso Sea,Sar-Strat
DQ339350.1,Sar40_Jul98,Sargasso Sea,Sar-Strat
DQ339346.1,Sar40_Jul98,Sargasso Sea,Sar-Strat
DQ339344.1,Sar40_Jul98,Sargasso Sea,Sar-Strat
DQ339343.1,Sar40_Jul98,Sargasso Sea,Sar-Strat
DQ339340.1,Sar40_Jul98,Sargasso Sea,Sar-Strat
DQ339337.1,Sar40_Jul98,Sargasso Sea,Sar-Strat
DQ339336.1,Sar40_Jul98,Sargasso Sea,Sar-Strat
DQ339335.1,Sar40_Jul98,Sargasso Sea,Sar-Strat
DQ339334.1,Sar40_Jul98,Sargasso Sea,Sar-Strat
DQ339380.1,Sar40_Jul98,Sargasso Sea,Sar-Strat
DQ339379.1,Sar40_Jul98,Sargasso Sea,Sar-Strat
DQ339417.1,Sar40_Jul98,Sargasso Sea,Sar-Strat
DQ339416.1,Sar40_Jul98,Sargasso Sea,Sar-Strat
DQ339415.1,Sar40_Jul98,Sargasso Sea,Sar-Strat
DQ339412.1,Sar40_Jul98,Sargasso Sea,Sar-Strat
DQ339411.1,Sar40_Jul98,Sargasso Sea,Sar-Strat
DQ339410.1,Sar40_Jul98,Sargasso Sea,Sar-Strat
DQ339409.1,Sar40_Jul98,Sargasso Sea,Sar-Strat
DQ339408.1,Sar40_Jul98,Sargasso Sea,Sar-Strat
DQ339407.1,Sar40_Jul98,Sargasso Sea,Sar-Strat
DQ339406.1,Sar40_Jul98,Sargasso Sea,Sar-Strat
DQ339405.1,Sar40_Jul98,Sargasso Sea,Sar-Strat
DQ339404.1,Sar40_Jul98,Sargasso Sea,Sar-Strat
DQ339403.1,Sar40_Jul98,Sargasso Sea,Sar-Strat
DQ339401.1,Sar40_Jul98,Sargasso Sea,Sar-Strat
DQ339399.1,Sar40_Jul98,Sargasso Sea,Sar-Strat
DQ339398.1,Sar40_Jul98,Sargasso Sea,Sar-Strat
DQ339396.1,Sar40_Jul98,Sargasso Sea,Sar-Strat
DQ339395.1,Sar40_Jul98,Sargasso Sea,Sar-Strat
DQ339394.1,Sar40_Jul98,Sargasso Sea,Sar-Strat
DQ339393.1,Sar40_Jul98,Sargasso Sea,Sar-Strat
DQ339391.1,Sar40_Jul98,Sargasso Sea,Sar-Strat
DQ339387.1,Sar40_Jul98,Sargasso Sea,Sar-Strat
DQ339386.1,Sar40_Jul98,Sargasso Sea,Sar-Strat
DQ339385.1,Sar40_Jul98,Sargasso Sea,Sar-Strat
DQ339384.1,Sar40_Jul98,Sargasso Sea,Sar-Strat
DQ339383.1,Sar40_Jul98,Sargasso Sea,Sar-Strat
DQ339378.1,Sar40_Jul98,Sargasso Sea,Sar-Strat
DQ339377.1,Sar40_Jul98,Sargasso Sea,Sar-Strat
DQ339375.1,Sar40_Jul98,Sargasso Sea,Sar-Strat
DQ339374.1,Sar40_Jul98,Sargasso Sea,Sar-Strat
DQ339373.1,Sar40_Jul98,Sargasso Sea,Sar-Strat
DQ339372.1,Sar40_Jul98,Sargasso Sea,Sar-Strat
DQ339371.1,Sar40_Jul98,Sargasso Sea,Sar-Strat
DQ339370.1,Sar40_Jul98,Sargasso Sea,Sar-Strat
DQ339369.1,Sar40_Jul98,Sargasso Sea,Sar-Strat
DQ339368.1,Sar40_Jul98,Sargasso Sea,Sar-Strat
DQ339367.1,Sar40_Jul98,Sargasso Sea,Sar-Strat
DQ339366.1,Sar40_Jul98,Sargasso Sea,Sar-Strat
DQ339365.1,Sar40_Jul98,Sargasso Sea,Sar-Strat
DQ339363.1,Sar40_Jul98,Sargasso Sea,Sar-Strat
DQ339362.1,Sar40_Jul98,Sargasso Sea,Sar-Strat
DQ339361.1,Sar40_Jul98,Sargasso Sea,Sar-Strat
DQ339360.1,Sar40_Jul98,Sargasso Sea,Sar-Strat
DQ339358.1,Sar40_Jul98,Sargasso Sea,Sar-Strat
DQ339357.1,Sar40_Jul98,Sargasso Sea,Sar-Strat
DQ339355.1,Sar40_Jul98,Sargasso Sea,Sar-Strat
DQ339354.1,Sar40_Jul98,Sargasso Sea,Sar-Strat
DQ339353.1,Sar40_Jul98,Sargasso Sea,Sar-Strat
DQ339352.1,Sar40_Jul98,Sargasso Sea,Sar-Strat
DQ339351.1,Sar40_Jul98,Sargasso Sea,Sar-Strat
DQ339349.1,Sar40_Jul98,Sargasso Sea,Sar-Strat
DQ339348.1,Sar40_Jul98,Sargasso Sea,Sar-Strat
DQ339347.1,Sar40_Jul98,Sargasso Sea,Sar-Strat
DQ339345.1,Sar40_Jul98,Sargasso Sea,Sar-Strat
DQ339341.1,Sar40_Jul98,Sargasso Sea,Sar-Strat
DQ339339.1,Sar40_Jul98,Sargasso Sea,Sar-Strat
DQ339338.1,Sar40_Jul98,Sargasso Sea,Sar-Strat
DQ203339.1,Sar80_Mar03,Sargasso Sea,Sar-Mixed
DQ203337.1,Sar80_Mar03,Sargasso Sea,Sar-Mixed
DQ203335.1,Sar80_Mar03,Sargasso Sea,Sar-Mixed
DQ203334.1,Sar80_Mar03,Sargasso Sea,Sar-Mixed
DQ203333.1,Sar80_Mar03,Sargasso Sea,Sar-Mixed
DQ203332.1,Sar80_Mar03,Sargasso Sea,Sar-Mixed
DQ203331.1,Sar80_Mar03,Sargasso Sea,Sar-Mixed
DQ203328.1,Sar80_Mar03,Sargasso Sea,Sar-Mixed
DQ203327.1,Sar80_Mar03,Sargasso Sea,Sar-Mixed
DQ203326.1,Sar80_Mar03,Sargasso Sea,Sar-Mixed
DQ203322.1,Sar80_Mar03,Sargasso Sea,Sar-Mixed
DQ203320.1,Sar80_Mar03,Sargasso Sea,Sar-Mixed
DQ203319.1,Outgroup,X,X
DQ203318.1,Sar80_Mar03,Sargasso Sea,Sar-Mixed
DQ203316.1,Sar80_Mar03,Sargasso Sea,Sar-Mixed
DQ203315.1,Sar80_Mar03,Sargasso Sea,Sar-Mixed
DQ203314.1,Sar80_Mar03,Sargasso Sea,Sar-Mixed
DQ203313.1,Sar80_Mar03,Sargasso Sea,Sar-Mixed
DQ203312.1,Sar80_Mar03,Sargasso Sea,Sar-Mixed
DQ203311.1,Outgroup,X,X
DQ203310.1,Sar80_Mar03,Sargasso Sea,Sar-Mixed
DQ203309.1,Sar80_Mar03,Sargasso Sea,Sar-Mixed
DQ203307.1,Sar80_Mar03,Sargasso Sea,Sar-Mixed
DQ203301.1,Outgroup,X,X
DQ203300.1,Sar80_Mar03,Sargasso Sea,Sar-Mixed
DQ203297.1,Sar80_Mar03,Sargasso Sea,Sar-Mixed
DQ203338.1,Sar80_Mar03,Sargasso Sea,Sar-Mixed
DQ203336.1,Sar80_Mar03,Sargasso Sea,Sar-Mixed
DQ203330.1,Sar80_Mar03,Sargasso Sea,Sar-Mixed
DQ203329.1,Sar80_Mar03,Sargasso Sea,Sar-Mixed
DQ203325.1,Sar80_Mar03,Sargasso Sea,Sar-Mixed
DQ203324.1,Sar80_Mar03,Sargasso Sea,Sar-Mixed
DQ203323.1,Sar80_Mar03,Sargasso Sea,Sar-Mixed
DQ203321.1,Sar80_Mar03,Sargasso Sea,Sar-Mixed
DQ203317.1,Sar80_Mar03,Sargasso Sea,Sar-Mixed
DQ203308.1,Sar80_Mar03,Sargasso Sea,Sar-Mixed
DQ203306.1,Sar80_Mar03,Sargasso Sea,Sar-Mixed
DQ203305.1,Sar80_Mar03,Sargasso Sea,Sar-Mixed
DQ203304.1,Sar80_Mar03,Sargasso Sea,Sar-Mixed
DQ203303.1,Sar80_Mar03,Sargasso Sea,Sar-Mixed
DQ203302.1,Sar80_Mar03,Sargasso Sea,Sar-Mixed
DQ203299.1,Sar80_Mar03,Sargasso Sea,Sar-Mixed
DQ203298.1,Sar80_Mar03,Sargasso Sea,Sar-Mixed
DQ339333.1,Sar80_Jul98,Sargasso Sea,Sar-Strat
DQ339330.1,Sar80_Jul98,Sargasso Sea,Sar-Strat
DQ339329.1,Sar80_Jul98,Sargasso Sea,Sar-Strat
DQ339327.1,Sar80_Jul98,Sargasso Sea,Sar-Strat
DQ339326.1,Sar80_Jul98,Sargasso Sea,Sar-Strat
DQ339324.1,Sar80_Jul98,Sargasso Sea,Sar-Strat
DQ339320.1,Sar80_Jul98,Sargasso Sea,Sar-Strat
DQ339319.1,Sar80_Jul98,Sargasso Sea,Sar-Strat
DQ339315.1,Sar80_Jul98,Sargasso Sea,Sar-Strat
DQ339314.1,Sar80_Jul98,Sargasso Sea,Sar-Strat
DQ339312.1,Sar80_Jul98,Sargasso Sea,Sar-Strat
DQ339311.1,Sar80_Jul98,Sargasso Sea,Sar-Strat
DQ339309.1,Sar80_Jul98,Sargasso Sea,Sar-Strat
DQ339308.1,Sar80_Jul98,Sargasso Sea,Sar-Strat
DQ339307.1,Sar80_Jul98,Sargasso Sea,Sar-Strat
DQ339304.1,Sar80_Jul98,Sargasso Sea,Sar-Strat
DQ339303.1,Sar80_Jul98,Sargasso Sea,Sar-Strat
DQ339301.1,Sar80_Jul98,Sargasso Sea,Sar-Strat
DQ339298.1,Sar80_Jul98,Sargasso Sea,Sar-Strat
DQ339297.1,Sar80_Jul98,Sargasso Sea,Sar-Strat
DQ339295.1,Sar80_Jul98,Sargasso Sea,Sar-Strat
DQ339294.1,Sar80_Jul98,Sargasso Sea,Sar-Strat
DQ339293.1,Sar80_Jul98,Sargasso Sea,Sar-Strat
DQ339292.1,Sar80_Jul98,Sargasso Sea,Sar-Strat
DQ339291.1,Sar80_Jul98,Sargasso Sea,Sar-Strat
DQ339288.1,Outgroup,X,X
DQ339287.1,Sar80_Jul98,Sargasso Sea,Sar-Strat
DQ339286.1,Sar80_Jul98,Sargasso Sea,Sar-Strat
DQ339285.1,Sar80_Jul98,Sargasso Sea,Sar-Strat
DQ339284.1,Sar80_Jul98,Sargasso Sea,Sar-Strat
DQ339283.1,Sar80_Jul98,Sargasso Sea,Sar-Strat
DQ339277.1,Sar80_Jul98,Sargasso Sea,Sar-Strat
DQ339275.1,Sar80_Jul98,Sargasso Sea,Sar-Strat
DQ339272.1,Sar80_Jul98,Sargasso Sea,Sar-Strat
DQ339269.1,Sar80_Jul98,Sargasso Sea,Sar-Strat
DQ339267.1,Sar80_Jul98,Sargasso Sea,Sar-Strat
DQ339266.1,Sar80_Jul98,Sargasso Sea,Sar-Strat
DQ339263.1,Sar80_Jul98,Sargasso Sea,Sar-Strat
DQ339262.1,Sar80_Jul98,Sargasso Sea,Sar-Strat
DQ339261.1,Sar80_Jul98,Sargasso Sea,Sar-Strat
DQ339259.1,Sar80_Jul98,Sargasso Sea,Sar-Strat
DQ339258.1,Sar80_Jul98,Sargasso Sea,Sar-Strat
DQ339257.1,Sar80_Jul98,Sargasso Sea,Sar-Strat
DQ339255.1,Sar80_Jul98,Sargasso Sea,Sar-Strat
DQ339254.1,Sar80_Jul98,Sargasso Sea,Sar-Strat
DQ339253.1,Sar80_Jul98,Sargasso Sea,Sar-Strat
DQ339251.1,Sar80_Jul98,Sargasso Sea,Sar-Strat
DQ339250.1,Sar80_Jul98,Sargasso Sea,Sar-Strat
DQ339332.1,Sar80_Jul98,Sargasso Sea,Sar-Strat
DQ339331.1,Sar80_Jul98,Sargasso Sea,Sar-Strat
DQ339328.1,Sar80_Jul98,Sargasso Sea,Sar-Strat
DQ339325.1,Sar80_Jul98,Sargasso Sea,Sar-Strat
DQ339323.1,Sar80_Jul98,Sargasso Sea,Sar-Strat
DQ339322.1,Sar80_Jul98,Sargasso Sea,Sar-Strat
DQ339321.1,Sar80_Jul98,Sargasso Sea,Sar-Strat
DQ339318.1,Sar80_Jul98,Sargasso Sea,Sar-Strat
DQ339317.1,Sar80_Jul98,Sargasso Sea,Sar-Strat
DQ339316.1,Sar80_Jul98,Sargasso Sea,Sar-Strat
DQ339313.1,Sar80_Jul98,Sargasso Sea,Sar-Strat
DQ339310.1,Sar80_Jul98,Sargasso Sea,Sar-Strat
DQ339306.1,Sar80_Jul98,Sargasso Sea,Sar-Strat
DQ339305.1,Sar80_Jul98,Sargasso Sea,Sar-Strat
DQ339302.1,Sar80_Jul98,Sargasso Sea,Sar-Strat
DQ339300.1,Sar80_Jul98,Sargasso Sea,Sar-Strat
DQ339299.1,Sar80_Jul98,Sargasso Sea,Sar-Strat
DQ339296.1,Sar80_Jul98,Sargasso Sea,Sar-Strat
DQ339290.1,Sar80_Jul98,Sargasso Sea,Sar-Strat
DQ339282.1,Sar80_Jul98,Sargasso Sea,Sar-Strat
DQ339281.1,Sar80_Jul98,Sargasso Sea,Sar-Strat
DQ339280.1,Sar80_Jul98,Sargasso Sea,Sar-Strat
DQ339279.1,Sar80_Jul98,Sargasso Sea,Sar-Strat
DQ339278.1,Sar80_Jul98,Sargasso Sea,Sar-Strat
DQ339276.1,Sar80_Jul98,Sargasso Sea,Sar-Strat
DQ339274.1,Sar80_Jul98,Sargasso Sea,Sar-Strat
DQ339273.1,Sar80_Jul98,Sargasso Sea,Sar-Strat
DQ339271.1,Sar80_Jul98,Sargasso Sea,Sar-Strat
DQ339270.1,Sar80_Jul98,Sargasso Sea,Sar-Strat
DQ339268.1,Sar80_Jul98,Sargasso Sea,Sar-Strat
DQ339265.1,Sar80_Jul98,Sargasso Sea,Sar-Strat
DQ339264.1,Sar80_Jul98,Sargasso Sea,Sar-Strat
DQ339260.1,Sar80_Jul98,Sargasso Sea,Sar-Strat
DQ339256.1,Sar80_Jul98,Sargasso Sea,Sar-Strat
DQ339252.1,Sar80_Jul98,Sargasso Sea,Sar-Strat
DQ422630.1,Med0_Feb06,Mediterranean Sea,Med-Mixed
DQ422627.1,Med0_Feb06,Mediterranean Sea,Med-Mixed
DQ422626.1,Med0_Feb06,Mediterranean Sea,Med-Mixed
DQ422625.1,Med0_Feb06,Mediterranean Sea,Med-Mixed
DQ422624.1,Med0_Feb06,Mediterranean Sea,Med-Mixed
DQ422623.1,Med0_Feb06,Mediterranean Sea,Med-Mixed
DQ422620.1,Med0_Feb06,Mediterranean Sea,Med-Mixed
DQ422619.1,Med0_Feb06,Mediterranean Sea,Med-Mixed
DQ422613.1,Med0_Feb06,Mediterranean Sea,Med-Mixed
DQ422610.1,Med0_Feb06,Mediterranean Sea,Med-Mixed
DQ422607.1,Med0_Feb06,Mediterranean Sea,Med-Mixed
DQ422604.1,Med0_Feb06,Mediterranean Sea,Med-Mixed
DQ422602.1,Med0_Feb06,Mediterranean Sea,Med-Mixed
DQ422601.1,Med0_Feb06,Mediterranean Sea,Med-Mixed
DQ422599.1,Med0_Feb06,Mediterranean Sea,Med-Mixed
DQ422598.1,Med0_Feb06,Mediterranean Sea,Med-Mixed
DQ422597.1,Med0_Feb06,Mediterranean Sea,Med-Mixed
DQ422594.1,Med0_Feb06,Mediterranean Sea,Med-Mixed
DQ422590.1,Med0_Feb06,Mediterranean Sea,Med-Mixed
DQ422588.1,Med0_Feb06,Mediterranean Sea,Med-Mixed
DQ422587.1,Med0_Feb06,Mediterranean Sea,Med-Mixed
DQ422582.1,Med0_Feb06,Mediterranean Sea,Med-Mixed
DQ422577.1,Med0_Feb06,Mediterranean Sea,Med-Mixed
DQ422573.1,Med0_Feb06,Mediterranean Sea,Med-Mixed
DQ422571.1,Med0_Feb06,Mediterranean Sea,Med-Mixed
DQ422566.1,Med0_Feb06,Mediterranean Sea,Med-Mixed
DQ422560.1,Med0_Feb06,Mediterranean Sea,Med-Mixed
DQ422559.1,Med0_Feb06,Mediterranean Sea,Med-Mixed
DQ422557.1,Med0_Feb06,Mediterranean Sea,Med-Mixed
DQ422554.1,Med0_Feb06,Mediterranean Sea,Med-Mixed
DQ422553.1,Med0_Feb06,Mediterranean Sea,Med-Mixed
DQ422550.1,Med0_Feb06,Mediterranean Sea,Med-Mixed
DQ422548.1,Med0_Feb06,Mediterranean Sea,Med-Mixed
DQ422633.1,Med0_Feb06,Mediterranean Sea,Med-Mixed
DQ422632.1,Med0_Feb06,Mediterranean Sea,Med-Mixed
DQ422631.1,Med0_Feb06,Mediterranean Sea,Med-Mixed
DQ422629.1,Med0_Feb06,Mediterranean Sea,Med-Mixed
DQ422628.1,Med0_Feb06,Mediterranean Sea,Med-Mixed
DQ422622.1,Med0_Feb06,Mediterranean Sea,Med-Mixed
DQ422621.1,Med0_Feb06,Mediterranean Sea,Med-Mixed
DQ422618.1,Med0_Feb06,Mediterranean Sea,Med-Mixed
DQ422617.1,Med0_Feb06,Mediterranean Sea,Med-Mixed
DQ422616.1,Med0_Feb06,Mediterranean Sea,Med-Mixed
DQ422615.1,Med0_Feb06,Mediterranean Sea,Med-Mixed
DQ422614.1,Med0_Feb06,Mediterranean Sea,Med-Mixed
DQ422612.1,Med0_Feb06,Mediterranean Sea,Med-Mixed
DQ422611.1,Med0_Feb06,Mediterranean Sea,Med-Mixed
DQ422609.1,Med0_Feb06,Mediterranean Sea,Med-Mixed
DQ422608.1,Med0_Feb06,Mediterranean Sea,Med-Mixed
DQ422606.1,Med0_Feb06,Mediterranean Sea,Med-Mixed
DQ422605.1,Med0_Feb06,Mediterranean Sea,Med-Mixed
DQ422603.1,Med0_Feb06,Mediterranean Sea,Med-Mixed
DQ422600.1,Med0_Feb06,Mediterranean Sea,Med-Mixed
DQ422596.1,Med0_Feb06,Mediterranean Sea,Med-Mixed
DQ422595.1,Med0_Feb06,Mediterranean Sea,Med-Mixed
DQ422593.1,Med0_Feb06,Mediterranean Sea,Med-Mixed
DQ422592.1,Med0_Feb06,Mediterranean Sea,Med-Mixed
DQ422591.1,Med0_Feb06,Mediterranean Sea,Med-Mixed
DQ422589.1,Med0_Feb06,Mediterranean Sea,Med-Mixed
DQ422586.1,Med0_Feb06,Mediterranean Sea,Med-Mixed
DQ422585.1,Med0_Feb06,Mediterranean Sea,Med-Mixed
DQ422584.1,Med0_Feb06,Mediterranean Sea,Med-Mixed
DQ422583.1,Med0_Feb06,Mediterranean Sea,Med-Mixed
DQ422581.1,Med0_Feb06,Mediterranean Sea,Med-Mixed
DQ422580.1,Med0_Feb06,Mediterranean Sea,Med-Mixed
DQ422579.1,Med0_Feb06,Mediterranean Sea,Med-Mixed
DQ422578.1,Med0_Feb06,Mediterranean Sea,Med-Mixed
DQ422576.1,Med0_Feb06,Mediterranean Sea,Med-Mixed
DQ422575.1,Med0_Feb06,Mediterranean Sea,Med-Mixed
DQ422574.1,Med0_Feb06,Mediterranean Sea,Med-Mixed
DQ422572.1,Med0_Feb06,Mediterranean Sea,Med-Mixed
DQ422570.1,Med0_Feb06,Mediterranean Sea,Med-Mixed
DQ422569.1,Med0_Feb06,Mediterranean Sea,Med-Mixed
DQ422568.1,Med0_Feb06,Mediterranean Sea,Med-Mixed
DQ422567.1,Med0_Feb06,Mediterranean Sea,Med-Mixed
DQ422565.1,Med0_Feb06,Mediterranean Sea,Med-Mixed
DQ422564.1,Med0_Feb06,Mediterranean Sea,Med-Mixed
DQ422563.1,Med0_Feb06,Mediterranean Sea,Med-Mixed
DQ422562.1,Med0_Feb06,Mediterranean Sea,Med-Mixed
DQ422561.1,Med0_Feb06,Mediterranean Sea,Med-Mixed
DQ422558.1,Med0_Feb06,Mediterranean Sea,Med-Mixed
DQ422556.1,Med0_Feb06,Mediterranean Sea,Med-Mixed
DQ422555.1,Med0_Feb06,Mediterranean Sea,Med-Mixed
DQ422552.1,Med0_Feb06,Mediterranean Sea,Med-Mixed
DQ422551.1,Med0_Feb06,Mediterranean Sea,Med-Mixed
DQ422549.1,Med0_Feb06,Mediterranean Sea,Med-Mixed
DQ422547.1,Med0_Feb06,Mediterranean Sea,Med-Mixed
DQ422546.1,Med0_Feb06,Mediterranean Sea,Med-Mixed
DQ422545.1,Med0_Feb06,Mediterranean Sea,Med-Mixed
DQ422544.1,Med0_Feb06,Mediterranean Sea,Med-Mixed
DQ422543.1,Med0_Feb06,Mediterranean Sea,Med-Mixed
DQ422542.1,Med0_Feb06,Mediterranean Sea,Med-Mixed
DQ422541.1,Med0_Feb06,Mediterranean Sea,Med-Mixed
DQ422726.1,Med20_Feb06,Mediterranean Sea,Med-Mixed
DQ422718.1,Med20_Feb06,Mediterranean Sea,Med-Mixed
DQ422715.1,Med20_Feb06,Mediterranean Sea,Med-Mixed
DQ422713.1,Med20_Feb06,Mediterranean Sea,Med-Mixed
DQ422712.1,Med20_Feb06,Mediterranean Sea,Med-Mixed
DQ422705.1,Med20_Feb06,Mediterranean Sea,Med-Mixed
DQ422704.1,Med20_Feb06,Mediterranean Sea,Med-Mixed
DQ422703.1,Med20_Feb06,Mediterranean Sea,Med-Mixed
DQ422696.1,Med20_Feb06,Mediterranean Sea,Med-Mixed
DQ422691.1,Med20_Feb06,Mediterranean Sea,Med-Mixed
DQ422689.1,Med20_Feb06,Mediterranean Sea,Med-Mixed
DQ422688.1,Med20_Feb06,Mediterranean Sea,Med-Mixed
DQ422686.1,Med20_Feb06,Mediterranean Sea,Med-Mixed
DQ422685.1,Med20_Feb06,Mediterranean Sea,Med-Mixed
DQ422684.1,Med20_Feb06,Mediterranean Sea,Med-Mixed
DQ422682.1,Med20_Feb06,Mediterranean Sea,Med-Mixed
DQ422678.1,Med20_Feb06,Mediterranean Sea,Med-Mixed
DQ422671.1,Med20_Feb06,Mediterranean Sea,Med-Mixed
DQ422670.1,Med20_Feb06,Mediterranean Sea,Med-Mixed
DQ422669.1,Med20_Feb06,Mediterranean Sea,Med-Mixed
DQ422668.1,Med20_Feb06,Mediterranean Sea,Med-Mixed
DQ422665.1,Med20_Feb06,Mediterranean Sea,Med-Mixed
DQ422662.1,Med20_Feb06,Mediterranean Sea,Med-Mixed
DQ422660.1,Med20_Feb06,Mediterranean Sea,Med-Mixed
DQ422651.1,Med20_Feb06,Mediterranean Sea,Med-Mixed
DQ422644.1,Med20_Feb06,Mediterranean Sea,Med-Mixed
DQ422643.1,Med20_Feb06,Mediterranean Sea,Med-Mixed
DQ422641.1,Med20_Feb06,Mediterranean Sea,Med-Mixed
DQ422635.1,Med20_Feb06,Mediterranean Sea,Med-Mixed
DQ422634.1,Med20_Feb06,Mediterranean Sea,Med-Mixed
DQ422725.1,Med20_Feb06,Mediterranean Sea,Med-Mixed
DQ422724.1,Med20_Feb06,Mediterranean Sea,Med-Mixed
DQ422723.1,Med20_Feb06,Mediterranean Sea,Med-Mixed
DQ422722.1,Med20_Feb06,Mediterranean Sea,Med-Mixed
DQ422721.1,Med20_Feb06,Mediterranean Sea,Med-Mixed
DQ422720.1,Med20_Feb06,Mediterranean Sea,Med-Mixed
DQ422719.1,Med20_Feb06,Mediterranean Sea,Med-Mixed
DQ422717.1,Med20_Feb06,Mediterranean Sea,Med-Mixed
DQ422716.1,Med20_Feb06,Mediterranean Sea,Med-Mixed
DQ422714.1,Med20_Feb06,Mediterranean Sea,Med-Mixed
DQ422711.1,Med20_Feb06,Mediterranean Sea,Med-Mixed
DQ422710.1,Med20_Feb06,Mediterranean Sea,Med-Mixed
DQ422709.1,Med20_Feb06,Mediterranean Sea,Med-Mixed
DQ422708.1,Med20_Feb06,Mediterranean Sea,Med-Mixed
DQ422707.1,Med20_Feb06,Mediterranean Sea,Med-Mixed
DQ422706.1,Med20_Feb06,Mediterranean Sea,Med-Mixed
DQ422702.1,Med20_Feb06,Mediterranean Sea,Med-Mixed
DQ422701.1,Med20_Feb06,Mediterranean Sea,Med-Mixed
DQ422700.1,Med20_Feb06,Mediterranean Sea,Med-Mixed
DQ422699.1,Med20_Feb06,Mediterranean Sea,Med-Mixed
DQ422698.1,Med20_Feb06,Mediterranean Sea,Med-Mixed
DQ422697.1,Med20_Feb06,Mediterranean Sea,Med-Mixed
DQ422695.1,Med20_Feb06,Mediterranean Sea,Med-Mixed
DQ422694.1,Med20_Feb06,Mediterranean Sea,Med-Mixed
DQ422693.1,Med20_Feb06,Mediterranean Sea,Med-Mixed
DQ422692.1,Med20_Feb06,Mediterranean Sea,Med-Mixed
DQ422690.1,Med20_Feb06,Mediterranean Sea,Med-Mixed
DQ422687.1,Med20_Feb06,Mediterranean Sea,Med-Mixed
DQ422683.1,Med20_Feb06,Mediterranean Sea,Med-Mixed
DQ422681.1,Med20_Feb06,Mediterranean Sea,Med-Mixed
DQ422680.1,Med20_Feb06,Mediterranean Sea,Med-Mixed
DQ422679.1,Med20_Feb06,Mediterranean Sea,Med-Mixed
DQ422677.1,Med20_Feb06,Mediterranean Sea,Med-Mixed
DQ422676.1,Med20_Feb06,Mediterranean Sea,Med-Mixed
DQ422675.1,Med20_Feb06,Mediterranean Sea,Med-Mixed
DQ422674.1,Med20_Feb06,Mediterranean Sea,Med-Mixed
DQ422673.1,Med20_Feb06,Mediterranean Sea,Med-Mixed
DQ422672.1,Med20_Feb06,Mediterranean Sea,Med-Mixed
DQ422667.1,Med20_Feb06,Mediterranean Sea,Med-Mixed
DQ422666.1,Med20_Feb06,Mediterranean Sea,Med-Mixed
DQ422664.1,Med20_Feb06,Mediterranean Sea,Med-Mixed
DQ422663.1,Med20_Feb06,Mediterranean Sea,Med-Mixed
DQ422661.1,Med20_Feb06,Mediterranean Sea,Med-Mixed
DQ422659.1,Med20_Feb06,Mediterranean Sea,Med-Mixed
DQ422658.1,Med20_Feb06,Mediterranean Sea,Med-Mixed
DQ422657.1,Med20_Feb06,Mediterranean Sea,Med-Mixed
DQ422656.1,Med20_Feb06,Mediterranean Sea,Med-Mixed
DQ422655.1,Med20_Feb06,Mediterranean Sea,Med-Mixed
DQ422654.1,Med20_Feb06,Mediterranean Sea,Med-Mixed
DQ422653.1,Med20_Feb06,Mediterranean Sea,Med-Mixed
DQ422652.1,Med20_Feb06,Mediterranean Sea,Med-Mixed
DQ422650.1,Med20_Feb06,Mediterranean Sea,Med-Mixed
DQ422649.1,Med20_Feb06,Mediterranean Sea,Med-Mixed
DQ422648.1,Med20_Feb06,Mediterranean Sea,Med-Mixed
DQ422647.1,Med20_Feb06,Mediterranean Sea,Med-Mixed
DQ422646.1,Med20_Feb06,Mediterranean Sea,Med-Mixed
DQ422645.1,Med20_Feb06,Mediterranean Sea,Med-Mixed
DQ422642.1,Med20_Feb06,Mediterranean Sea,Med-Mixed
DQ422640.1,Med20_Feb06,Mediterranean Sea,Med-Mixed
DQ422639.1,Med20_Feb06,Mediterranean Sea,Med-Mixed
DQ422638.1,Med20_Feb06,Mediterranean Sea,Med-Mixed
DQ422637.1,Med20_Feb06,Mediterranean Sea,Med-Mixed
DQ422636.1,Med20_Feb06,Mediterranean Sea,Med-Mixed
DQ422532.1,Med50_Feb06,Mediterranean Sea,Med-Mixed
DQ422527.1,Med50_Feb06,Mediterranean Sea,Med-Mixed
DQ422518.1,Med50_Feb06,Mediterranean Sea,Med-Mixed
DQ422514.1,Med50_Feb06,Mediterranean Sea,Med-Mixed
DQ422511.1,Med50_Feb06,Mediterranean Sea,Med-Mixed
DQ422509.1,Med50_Feb06,Mediterranean Sea,Med-Mixed
DQ422500.1,Med50_Feb06,Mediterranean Sea,Med-Mixed
DQ422497.1,Med50_Feb06,Mediterranean Sea,Med-Mixed
DQ422489.1,Med50_Feb06,Mediterranean Sea,Med-Mixed
DQ422488.1,Med50_Feb06,Mediterranean Sea,Med-Mixed
DQ422479.1,Med50_Feb06,Mediterranean Sea,Med-Mixed
DQ422476.1,Med50_Feb06,Mediterranean Sea,Med-Mixed
DQ422471.1,Med50_Feb06,Mediterranean Sea,Med-Mixed
DQ422467.1,Med50_Feb06,Mediterranean Sea,Med-Mixed
DQ422466.1,Med50_Feb06,Mediterranean Sea,Med-Mixed
DQ422462.1,Med50_Feb06,Mediterranean Sea,Med-Mixed
DQ422450.1,Med50_Feb06,Mediterranean Sea,Med-Mixed
DQ422449.1,Med50_Feb06,Mediterranean Sea,Med-Mixed
DQ422540.1,Med50_Feb06,Mediterranean Sea,Med-Mixed
DQ422539.1,Med50_Feb06,Mediterranean Sea,Med-Mixed
DQ422538.1,Med50_Feb06,Mediterranean Sea,Med-Mixed
DQ422537.1,Med50_Feb06,Mediterranean Sea,Med-Mixed
DQ422536.1,Med50_Feb06,Mediterranean Sea,Med-Mixed
DQ422535.1,Med50_Feb06,Mediterranean Sea,Med-Mixed
DQ422534.1,Med50_Feb06,Mediterranean Sea,Med-Mixed
DQ422533.1,Med50_Feb06,Mediterranean Sea,Med-Mixed
DQ422531.1,Med50_Feb06,Mediterranean Sea,Med-Mixed
DQ422530.1,Med50_Feb06,Mediterranean Sea,Med-Mixed
DQ422529.1,Med50_Feb06,Mediterranean Sea,Med-Mixed
DQ422528.1,Med50_Feb06,Mediterranean Sea,Med-Mixed
DQ422526.1,Med50_Feb06,Mediterranean Sea,Med-Mixed
DQ422525.1,Med50_Feb06,Mediterranean Sea,Med-Mixed
DQ422524.1,Med50_Feb06,Mediterranean Sea,Med-Mixed
DQ422523.1,Med50_Feb06,Mediterranean Sea,Med-Mixed
DQ422522.1,Med50_Feb06,Mediterranean Sea,Med-Mixed
DQ422521.1,Med50_Feb06,Mediterranean Sea,Med-Mixed
DQ422520.1,Med50_Feb06,Mediterranean Sea,Med-Mixed
DQ422519.1,Med50_Feb06,Mediterranean Sea,Med-Mixed
DQ422517.1,Med50_Feb06,Mediterranean Sea,Med-Mixed
DQ422516.1,Med50_Feb06,Mediterranean Sea,Med-Mixed
DQ422515.1,Med50_Feb06,Mediterranean Sea,Med-Mixed
DQ422513.1,Med50_Feb06,Mediterranean Sea,Med-Mixed
DQ422512.1,Med50_Feb06,Mediterranean Sea,Med-Mixed
DQ422510.1,Med50_Feb06,Mediterranean Sea,Med-Mixed
DQ422508.1,Med50_Feb06,Mediterranean Sea,Med-Mixed
DQ422507.1,Med50_Feb06,Mediterranean Sea,Med-Mixed
DQ422506.1,Med50_Feb06,Mediterranean Sea,Med-Mixed
DQ422505.1,Med50_Feb06,Mediterranean Sea,Med-Mixed
DQ422504.1,Med50_Feb06,Mediterranean Sea,Med-Mixed
DQ422503.1,Med50_Feb06,Mediterranean Sea,Med-Mixed
DQ422502.1,Med50_Feb06,Mediterranean Sea,Med-Mixed
DQ422501.1,Med50_Feb06,Mediterranean Sea,Med-Mixed
DQ422499.1,Med50_Feb06,Mediterranean Sea,Med-Mixed
DQ422498.1,Med50_Feb06,Mediterranean Sea,Med-Mixed
DQ422496.1,Med50_Feb06,Mediterranean Sea,Med-Mixed
DQ422495.1,Med50_Feb06,Mediterranean Sea,Med-Mixed
DQ422494.1,Med50_Feb06,Mediterranean Sea,Med-Mixed
DQ422493.1,Med50_Feb06,Mediterranean Sea,Med-Mixed
DQ422492.1,Med50_Feb06,Mediterranean Sea,Med-Mixed
DQ422491.1,Med50_Feb06,Mediterranean Sea,Med-Mixed
DQ422490.1,Med50_Feb06,Mediterranean Sea,Med-Mixed
DQ422487.1,Med50_Feb06,Mediterranean Sea,Med-Mixed
DQ422486.1,Med50_Feb06,Mediterranean Sea,Med-Mixed
DQ422485.1,Med50_Feb06,Mediterranean Sea,Med-Mixed
DQ422484.1,Med50_Feb06,Mediterranean Sea,Med-Mixed
DQ422483.1,Med50_Feb06,Mediterranean Sea,Med-Mixed
DQ422482.1,Med50_Feb06,Mediterranean Sea,Med-Mixed
DQ422481.1,Med50_Feb06,Mediterranean Sea,Med-Mixed
DQ422480.1,Med50_Feb06,Mediterranean Sea,Med-Mixed
DQ422478.1,Med50_Feb06,Mediterranean Sea,Med-Mixed
DQ422477.1,Med50_Feb06,Mediterranean Sea,Med-Mixed
DQ422475.1,Med50_Feb06,Mediterranean Sea,Med-Mixed
DQ422474.1,Med50_Feb06,Mediterranean Sea,Med-Mixed
DQ422473.1,Med50_Feb06,Mediterranean Sea,Med-Mixed
DQ422472.1,Med50_Feb06,Mediterranean Sea,Med-Mixed
DQ422470.1,Med50_Feb06,Mediterranean Sea,Med-Mixed
DQ422469.1,Med50_Feb06,Mediterranean Sea,Med-Mixed
DQ422468.1,Med50_Feb06,Mediterranean Sea,Med-Mixed
DQ422465.1,Med50_Feb06,Mediterranean Sea,Med-Mixed
DQ422464.1,Med50_Feb06,Mediterranean Sea,Med-Mixed
DQ422463.1,Med50_Feb06,Mediterranean Sea,Med-Mixed
DQ422461.1,Med50_Feb06,Mediterranean Sea,Med-Mixed
DQ422460.1,Med50_Feb06,Mediterranean Sea,Med-Mixed
DQ422459.1,Med50_Feb06,Mediterranean Sea,Med-Mixed
DQ422458.1,Med50_Feb06,Mediterranean Sea,Med-Mixed
DQ422457.1,Med50_Feb06,Mediterranean Sea,Med-Mixed
DQ422456.1,Med50_Feb06,Mediterranean Sea,Med-Mixed
DQ422455.1,Med50_Feb06,Mediterranean Sea,Med-Mixed
DQ422454.1,Med50_Feb06,Mediterranean Sea,Med-Mixed
DQ422453.1,Med50_Feb06,Mediterranean Sea,Med-Mixed
DQ422452.1,Med50_Feb06,Mediterranean Sea,Med-Mixed
DQ422451.1,Med50_Feb06,Mediterranean Sea,Med-Mixed
DQ422448.1,Med50_Feb06,Mediterranean Sea,Med-Mixed
